                  epoch,         train/box_loss,         train/cls_loss,         train/dfl_loss,   metrics/precision(B),      metrics/recall(B),       metrics/mAP50(B),    metrics/mAP50-95(B),           val/box_loss,           val/cls_loss,           val/dfl_loss,                 lr/pg0,                 lr/pg1,                 lr/pg2
                      1,                 1.1479,                 2.2135,                  1.429,                0.94611,                0.28424,                0.38988,                0.27859,                0.98679,                 2.3556,                 1.3226,              0.0005001,              0.0005001,              0.0005001
                      2,                 1.1187,                 1.3893,                 1.3702,                 0.9162,                0.22383,                0.28459,                 0.1703,                 1.5261,                 2.5459,                 1.8468,             0.00099674,             0.00099674,             0.00099674
                      3,                 1.1578,                 1.3928,                 1.3929,                0.85936,                0.34335,                0.36004,                0.22602,                 1.2791,                 1.8623,                 1.5311,              0.0014729,              0.0014729,              0.0014729
                      4,                 1.1873,                 1.3971,                 1.4254,                0.75058,                  0.332,                 0.2961,                0.16806,                  1.395,                  1.905,                 1.6538,               0.001568,               0.001568,               0.001568
                      5,                 1.1534,                 1.2189,                 1.3757,                0.89665,                0.36238,                 0.4034,                0.25274,                 1.3028,                 1.6062,                   1.54,               0.001568,               0.001568,               0.001568
                      6,                 1.1542,                 1.2218,                 1.3716,                0.83334,                0.30474,                0.34375,                0.20369,                 1.3322,                 2.0286,                 1.6376,               0.001535,               0.001535,               0.001535
                      7,                  1.099,                 1.1379,                 1.3662,                 0.9172,                0.40006,                0.44322,                0.29789,                 1.1569,                 1.2716,                 1.4753,               0.001502,               0.001502,               0.001502
                      8,                 1.1405,                 1.0769,                 1.3545,                0.94043,                0.40987,                0.45603,                0.30663,                 1.1966,                 1.0622,                 1.4627,               0.001469,               0.001469,               0.001469
                      9,                 1.1074,                 1.0358,                 1.3577,                0.94775,                0.38841,                 0.4373,                0.31231,                 1.1068,                 1.1335,                 1.3797,               0.001436,               0.001436,               0.001436
                     10,                 1.0778,                0.92733,                  1.318,                0.96142,                0.45494,                0.53495,                0.34966,                 1.0704,                0.94971,                 1.3434,              0.0014029,              0.0014029,              0.0014029
                     11,                 1.0832,                 0.9439,                 1.3242,                0.94644,                0.40987,                0.45804,                  0.321,                 1.0404,                 1.0469,                 1.2932,              0.0013699,              0.0013699,              0.0013699
                     12,                 1.0506,                0.88954,                 1.2979,                0.97451,                0.42704,                0.46657,                0.33471,                 1.0273,                 0.9741,                 1.3111,              0.0013369,              0.0013369,              0.0013369
                     13,                 1.0491,                0.86316,                 1.3158,                0.92654,                  0.397,                0.45815,                0.30552,                  1.142,                  1.084,                 1.4249,              0.0013039,              0.0013039,              0.0013039
                     14,                0.99678,                0.83743,                 1.2764,                 0.9337,                0.43777,                0.46554,                0.34073,                0.99025,                0.84668,                 1.3134,              0.0012709,              0.0012709,              0.0012709
                     15,                 1.0235,                0.83704,                 1.3022,                0.95232,                0.45064,                 0.4751,                0.34257,                0.99541,                0.74291,                 1.2829,              0.0012379,              0.0012379,              0.0012379
                     16,                0.96769,                0.77473,                 1.2438,                0.97759,                0.44206,                0.49058,                0.36535,                0.93861,                0.69758,                 1.2182,              0.0012049,              0.0012049,              0.0012049
                     17,                0.97204,                0.76476,                 1.2634,                0.96807,                0.41845,                0.46288,                0.31764,                 1.2484,                0.84503,                  1.483,              0.0011719,              0.0011719,              0.0011719
                     18,                 1.0002,                0.77859,                  1.284,                0.96386,                0.44074,                0.48159,                0.34699,                 1.0202,                0.72948,                 1.2894,              0.0011389,              0.0011389,              0.0011389
                     19,                0.98723,                0.78918,                 1.2638,                0.96838,                0.44635,                0.48212,                0.35782,                0.95666,                0.70434,                 1.2828,              0.0011059,              0.0011059,              0.0011059
                     20,                0.98729,                0.74648,                 1.2511,                0.95578,                 0.4721,                0.48403,                0.34545,                 1.0245,                0.66587,                 1.3191,              0.0010729,              0.0010729,              0.0010729
                     21,                0.93426,                0.70926,                 1.2268,                0.97317,                0.45421,                0.48068,                0.36045,                0.90613,                0.65907,                 1.2141,              0.0010399,              0.0010399,              0.0010399
                     22,                0.93603,                0.70678,                 1.2331,                0.99261,                0.42908,                0.47472,                0.35534,                 0.9835,                0.65308,                 1.2892,              0.0010069,              0.0010069,              0.0010069
                     23,                 0.9591,                0.70752,                 1.2467,                0.98168,                0.45128,                 0.4858,                0.36728,                0.90181,                0.59987,                 1.2064,             0.00097386,             0.00097386,             0.00097386
                     24,                0.92713,                0.69588,                  1.204,                0.98534,                0.46352,                0.49469,                0.37648,                0.91373,                0.57297,                 1.2172,             0.00094085,             0.00094085,             0.00094085
                     25,                0.88268,                0.66243,                 1.2039,                0.97465,                0.44421,                0.48616,                0.37505,                0.90029,                0.61072,                 1.2121,             0.00090785,             0.00090785,             0.00090785
                     26,                0.92193,                0.68861,                 1.2216,                0.98552,                0.45279,                0.48676,                0.37027,                0.91301,                0.61466,                 1.2525,             0.00087484,             0.00087484,             0.00087484
                     27,                0.87079,                0.64444,                 1.2022,                0.96981,                0.45064,                0.48159,                0.37335,                0.86691,                0.61356,                 1.1885,             0.00084184,             0.00084184,             0.00084184
                     28,                0.92106,                0.66393,                 1.2218,                0.96829,                0.44364,                0.47317,                0.35915,                0.92672,                0.68944,                 1.2309,             0.00080883,             0.00080883,             0.00080883
                     29,                0.86588,                0.62278,                 1.1818,                0.98598,                0.44636,                  0.478,                0.36526,                0.91057,                0.70281,                 1.2199,             0.00077582,             0.00077582,             0.00077582
                     30,                0.90694,                  0.642,                 1.1993,                0.97662,                0.44635,                0.50254,                0.38372,                0.93909,                0.69891,                  1.233,             0.00074282,             0.00074282,             0.00074282
                     31,                0.84605,                0.60503,                 1.1962,                0.97931,                0.45494,                0.60053,                0.46877,                0.92348,                0.61313,                 1.2197,             0.00070981,             0.00070981,             0.00070981
                     32,                0.84111,                0.59564,                 1.1806,                0.97191,                0.46861,                0.55702,                0.41529,                0.92606,                0.55342,                 1.2302,              0.0006768,              0.0006768,              0.0006768
                     33,                 0.8257,                0.59993,                  1.172,                 0.9796,                0.46137,                0.73096,                0.54387,                0.88356,                0.55875,                 1.1818,              0.0006438,              0.0006438,              0.0006438
                     34,                 0.8472,                0.56645,                 1.1811,                0.97446,                0.46781,                  0.506,                0.38801,                0.86898,                  0.537,                  1.174,             0.00061079,             0.00061079,             0.00061079
                     35,                 0.8141,                0.55899,                 1.1415,                0.98352,                0.44068,                0.50022,                0.38502,                0.87466,                0.59139,                 1.1774,             0.00057778,             0.00057778,             0.00057778
                     36,                0.81307,                0.55295,                 1.1566,                0.99255,                0.45279,                0.50354,                0.39007,                0.87531,                0.57093,                 1.1656,             0.00054478,             0.00054478,             0.00054478
                     37,                 0.7566,                0.52232,                 1.1256,                0.98856,                0.45839,                0.49993,                0.38707,                0.82332,                0.54394,                 1.1424,             0.00051177,             0.00051177,             0.00051177
                     38,                0.78296,                0.54258,                 1.1397,                0.98376,                0.44758,                0.55238,                0.41677,                0.84085,                0.55565,                 1.1371,             0.00047876,             0.00047876,             0.00047876
                     39,                0.78766,                 0.5438,                 1.1475,                0.99088,                0.46197,                0.48608,                 0.3855,                 0.8302,                0.53066,                 1.1443,             0.00044576,             0.00044576,             0.00044576
                     40,                0.80927,                0.54186,                 1.1636,                0.98692,                0.45708,                0.49015,                0.38178,                0.82778,                0.51203,                 1.1455,             0.00041275,             0.00041275,             0.00041275
                     41,                0.71061,                0.47913,                 1.1184,                0.98868,                0.46299,                0.48455,                0.37759,                0.84401,                0.62711,                 1.1696,             0.00037974,             0.00037974,             0.00037974
                     42,                0.68046,                0.46436,                 1.1088,                0.98193,                0.45779,                0.49261,                0.38163,                0.88093,                0.57327,                 1.1741,             0.00034674,             0.00034674,             0.00034674
                     43,                0.69642,                0.45278,                 1.1231,                0.98605,                0.46137,                0.52934,                0.41631,                0.80881,                0.51079,                 1.1272,             0.00031373,             0.00031373,             0.00031373
                     44,                0.67246,                0.43258,                 1.1231,                0.98435,                0.45923,                0.60721,                0.47032,                0.79461,                0.52017,                 1.1162,             0.00028072,             0.00028072,             0.00028072
                     45,                0.63883,                0.40828,                 1.0914,                0.96981,                0.46781,                0.49262,                0.39319,                0.77142,                0.49858,                 1.1044,             0.00024772,             0.00024772,             0.00024772
                     46,                 0.6311,                0.40057,                  1.068,                0.98595,                0.45923,                0.48137,                0.38662,                0.78636,                0.54079,                 1.1126,             0.00021471,             0.00021471,             0.00021471
                     47,                0.61375,                0.39347,                 1.0646,                0.98645,                 0.4624,                0.48631,                0.38779,                0.77286,                0.50367,                 1.0975,              0.0001817,              0.0001817,              0.0001817
                     48,                0.59727,                0.39232,                 1.0547,                0.98635,                0.45877,                0.73225,                0.58306,                0.77445,                0.48754,                 1.0979,              0.0001487,              0.0001487,              0.0001487
                     49,                0.59858,                0.37412,                 1.0576,                0.97784,                0.46352,                0.60825,                0.48492,                 0.7781,                0.50138,                 1.1031,             0.00011569,             0.00011569,             0.00011569
                     50,                0.57518,                 0.3777,                 1.0574,                0.98418,                0.45963,                0.48691,                0.39334,                0.76661,                0.50133,                 1.0894,             8.2683e-05,             8.2683e-05,             8.2683e-05
                      1,                 1.0755,                 2.1209,                 1.3552,                0.88923,                0.33476,                0.35801,                0.23354,                 1.1381,                  2.104,                 1.5153,             0.00054065,             0.00054065,             0.00054065
                      2,                  1.037,                 1.4046,                 1.3058,                0.87385,                0.34343,                0.37184,                0.24812,                 1.1625,                 2.0072,                 1.4883,              0.0010746,              0.0010746,              0.0010746
                      3,                 1.1151,                 1.3874,                 1.3775,                0.83881,                0.33378,                0.37238,                0.21452,                 1.4477,                 1.8386,                 1.8315,              0.0015866,              0.0015866,              0.0015866
                      4,                 1.1235,                 1.3277,                 1.3616,                0.88854,                 0.3133,                0.35972,                0.20643,                 1.3741,                 1.7952,                 1.8636,               0.001568,               0.001568,               0.001568
                      5,                 1.1491,                 1.2018,                 1.3717,                0.83688,                0.35193,                0.35853,                0.22825,                 1.2281,                 1.6049,                 1.5457,               0.001568,               0.001568,               0.001568
                      6,                 1.0897,                 1.1376,                 1.3391,                0.79332,                0.34719,                0.34412,                0.22711,                 1.2543,                 1.6422,                  1.533,               0.001535,               0.001535,               0.001535
                      7,                 1.1019,                 1.1247,                 1.3508,                0.86598,                0.40987,                0.42191,                0.26846,                 1.1896,                 1.2049,                 1.4724,               0.001502,               0.001502,               0.001502
                      8,                 1.0571,                0.99597,                  1.313,                0.88577,                0.34979,                0.39638,                0.22293,                 1.3893,                 1.3918,                 1.8029,               0.001469,               0.001469,               0.001469
                      9,                 1.0517,                0.96602,                 1.3073,                0.89292,                0.38627,                  0.431,                0.29153,                 1.1429,                 1.2307,                 1.4125,               0.001436,               0.001436,               0.001436
                     10,                0.98848,                0.90798,                 1.2678,                0.96235,                0.39533,                0.45364,                0.30775,                 1.1229,                 1.0049,                 1.4172,              0.0014029,              0.0014029,              0.0014029
                     11,                 1.0474,                0.89364,                 1.2993,                 0.9407,                 0.4465,                0.49617,                0.35618,                 1.0407,                0.82416,                 1.3437,              0.0013699,              0.0013699,              0.0013699
                     12,                0.96274,                0.86958,                 1.2539,                0.96099,                0.43348,                0.46619,                0.33523,                  1.029,                0.82985,                 1.3484,              0.0013369,              0.0013369,              0.0013369
                     13,                0.97208,                0.82724,                 1.2726,                0.92031,                0.41877,                0.44801,                 0.3191,                 1.0359,                0.90722,                 1.3509,              0.0013039,              0.0013039,              0.0013039
                     14,                 1.0111,                 0.8596,                 1.2876,                0.93222,                0.43348,                0.45227,                0.31599,                 1.0779,                0.88836,                 1.4069,              0.0012709,              0.0012709,              0.0012709
                     15,                 0.9858,                0.77369,                 1.2616,                0.96193,                0.43133,                0.47133,                0.32917,                 1.1119,                0.81067,                 1.3483,              0.0012379,              0.0012379,              0.0012379
                     16,                0.96901,                0.75688,                 1.2592,                0.97816,                0.41845,                0.47734,                0.34609,                 1.0274,                0.84474,                 1.2849,              0.0012049,              0.0012049,              0.0012049
                     17,                0.95678,                0.75215,                 1.2354,                0.94152,                0.45364,                0.47906,                0.34949,                  0.974,                0.77708,                 1.2901,              0.0011719,              0.0011719,              0.0011719
                     18,                0.95497,                  0.742,                 1.2454,                0.97261,                0.44436,                0.48181,                0.35438,                0.97003,                0.71497,                 1.3136,              0.0011389,              0.0011389,              0.0011389
                     19,                 0.9623,                0.77445,                 1.2618,                0.95533,                 0.4485,                0.51429,                0.37845,                 1.0018,                0.72762,                 1.2844,              0.0011059,              0.0011059,              0.0011059
                     20,                0.89378,                0.70599,                 1.2268,                0.97822,                0.45064,                0.50758,                0.38059,                0.91903,                0.62441,                 1.2317,              0.0010729,              0.0010729,              0.0010729
                     21,                0.90517,                0.67338,                 1.2179,                0.97182,                0.46716,                0.50256,                 0.3856,                0.91228,                0.57766,                 1.2252,              0.0010399,              0.0010399,              0.0010399
                     22,                0.88347,                0.68747,                 1.2279,                0.97447,                0.44421,                0.47471,                0.35008,                0.97494,                0.65936,                 1.2709,              0.0010069,              0.0010069,              0.0010069
                     23,                0.90122,                0.66942,                 1.2136,                0.97299,                0.46137,                0.48998,                0.36345,                0.96262,                0.62362,                 1.2577,             0.00097386,             0.00097386,             0.00097386
                     24,                 0.8539,                0.63783,                 1.1855,                0.97402,                 0.4485,                0.47726,                0.35552,                0.95635,                0.71283,                 1.2406,             0.00094085,             0.00094085,             0.00094085
                     25,                0.86641,                0.64461,                 1.1916,                 0.9847,                0.45708,                0.49307,                0.36941,                0.94788,                0.59737,                 1.2547,             0.00090785,             0.00090785,             0.00090785
                     26,                0.85318,                0.60766,                 1.1908,                0.97719,                0.44895,                0.50318,                0.38118,                0.94917,                0.60692,                 1.2312,             0.00087484,             0.00087484,             0.00087484
                     27,                0.85067,                0.63039,                 1.1975,                0.98599,                 0.4465,                0.48543,                0.36558,                0.93437,                0.55903,                 1.2392,             0.00084184,             0.00084184,             0.00084184
                     28,                0.86471,                 0.6384,                 1.1845,                0.97156,                0.46567,                 0.7321,                0.54212,                0.93812,                0.56816,                 1.2219,             0.00080883,             0.00080883,             0.00080883
                     29,                0.80019,                0.55806,                 1.1367,                0.96883,                0.45494,                0.48866,                  0.374,                0.90537,                0.57458,                 1.2252,             0.00077582,             0.00077582,             0.00077582
                     30,                 0.8144,                 0.5749,                 1.1528,                0.96399,                   0.47,                0.49889,                0.38187,                0.88979,                0.56518,                  1.209,             0.00074282,             0.00074282,             0.00074282
                     31,                0.81287,                0.57103,                 1.1563,                 0.9774,                0.45333,                0.49922,                0.38018,                0.88971,                0.57266,                 1.2139,             0.00070981,             0.00070981,             0.00070981
                     32,                0.78285,                0.58469,                 1.1386,                0.97801,                0.46643,                0.49585,                0.38397,                 0.8535,                0.53994,                 1.1627,              0.0006768,              0.0006768,              0.0006768
                     33,                0.76473,                 0.5437,                 1.1239,                0.96955,                0.46996,                0.49818,                0.38641,                0.82828,                0.54146,                 1.1604,              0.0006438,              0.0006438,              0.0006438
                     34,                0.80168,                0.55664,                 1.1498,                0.98018,                 0.4485,                0.47991,                0.37631,                0.85836,                0.57916,                 1.1683,             0.00061079,             0.00061079,             0.00061079
                     35,                0.80374,                 0.5721,                 1.1723,                0.96716,                0.45796,                0.49225,                0.38324,                0.84775,                0.54764,                 1.1599,             0.00057778,             0.00057778,             0.00057778
                     36,                0.77166,                0.56405,                 1.1366,                0.98485,                0.46352,                0.49733,                0.38937,                0.86613,                0.53295,                  1.192,             0.00054478,             0.00054478,             0.00054478
                     37,                0.75579,                0.54586,                 1.1182,                0.98859,                0.46352,                0.51164,                 0.4053,                 0.8228,                0.50928,                 1.1447,             0.00051177,             0.00051177,             0.00051177
                     38,                0.74675,                0.53758,                 1.1248,                0.97932,                0.46567,                0.51115,                    0.4,                  0.831,                0.51474,                 1.1437,             0.00047876,             0.00047876,             0.00047876
                     39,                0.75043,                0.53134,                 1.1341,                0.98428,                0.46996,                 0.5219,                0.41367,                0.82338,                0.51145,                 1.1331,             0.00044576,             0.00044576,             0.00044576
                     40,                0.71523,                0.50484,                 1.0992,                0.98441,                0.46683,                0.53998,                0.42034,                0.83905,                0.52773,                 1.1435,             0.00041275,             0.00041275,             0.00041275
                     41,                0.65315,                 0.4522,                 1.0831,                0.99201,                0.45279,                0.64559,                0.49505,                0.80603,                0.53436,                 1.1258,             0.00037974,             0.00037974,             0.00037974
                     42,                0.64031,                0.41723,                 1.0999,                0.96961,                 0.4643,                0.73073,                0.55506,                 0.8253,                0.52227,                 1.1301,             0.00034674,             0.00034674,             0.00034674
                     43,                0.63509,                0.41369,                 1.0743,                0.97473,                0.45923,                0.65009,                0.48206,                0.84588,                0.50103,                 1.1494,             0.00031373,             0.00031373,             0.00031373
                     44,                0.61339,                0.39008,                 1.0606,                0.97814,                0.46352,                0.98118,                0.78703,                0.80325,                0.48558,                 1.1153,             0.00028072,             0.00028072,             0.00028072
                     45,                0.60011,                0.39217,                 1.0609,                0.97196,                0.46951,                0.98144,                0.73424,                0.81815,                0.49737,                 1.1278,             0.00024772,             0.00024772,             0.00024772
                     46,                0.59114,                0.38352,                 1.0425,                0.98727,                0.45279,                0.97926,                0.63338,                0.83286,                0.49984,                 1.1368,             0.00021471,             0.00021471,             0.00021471
                     47,                0.56374,                0.36243,                 1.0344,                0.98005,                0.46476,                0.98071,                0.63783,                0.82545,                0.50415,                 1.1448,              0.0001817,              0.0001817,              0.0001817
                     48,                 0.5586,                 0.3636,                 1.0281,                 0.9762,                0.45494,                0.97877,                0.63493,                0.79556,                0.50536,                 1.1315,              0.0001487,              0.0001487,              0.0001487
                     49,                0.55791,                0.35952,                 1.0275,                0.98619,                0.45335,                0.97826,                0.68561,                0.78431,                0.50186,                 1.1099,             0.00011569,             0.00011569,             0.00011569
                     50,                0.55026,                0.34545,                 1.0293,                0.98844,                0.45323,                0.97826,                0.68783,                0.78201,                0.49024,                 1.1056,             8.2683e-05,             8.2683e-05,             8.2683e-05
                      1,                  1.285,                 4.0818,                  1.544,                0.00493,                0.90343,                 0.0908,                0.03947,                 1.6789,                 3.4235,                  2.009,             0.00054826,             0.00054826,             0.00054826
                      2,                 1.5321,                 3.9251,                   1.73,                0.55526,                0.06009,                0.02128,                0.00675,                 2.7672,                 3.3808,                 4.4946,              0.0010821,              0.0010821,              0.0010821
                      3,                 1.5939,                 3.2612,                 1.7323,                0.55414,                0.05794,                0.01629,                0.00598,                 2.7019,                 4.1784,                 3.1677,              0.0015939,              0.0015939,              0.0015939
                      4,                 1.6279,                 2.9085,                 1.7715,                0.59054,                0.03863,                0.02853,                0.01224,                 2.4146,                 3.3018,                 2.9931,               0.001568,               0.001568,               0.001568
                      5,                 1.5873,                 2.6532,                 1.7744,                0.57567,                0.08155,                0.03416,                0.01526,                 2.1833,                 3.1494,                 2.4071,               0.001568,               0.001568,               0.001568
                      6,                 1.6213,                 2.5492,                 1.7965,                0.68739,                 0.1588,                0.13011,                 0.0609,                 1.8429,                 2.6513,                 2.1472,               0.001535,               0.001535,               0.001535
                      7,                 1.5668,                  2.379,                 1.7444,                0.63515,                0.12876,                0.08436,                0.04524,                 1.8059,                 2.6192,                 2.1408,               0.001502,               0.001502,               0.001502
                      8,                  1.499,                 2.6255,                  1.702,                0.74935,                 0.2519,                0.21148,                0.11761,                 1.6215,                 2.0632,                 1.9647,               0.001469,               0.001469,               0.001469
                      9,                 1.4351,                 2.2507,                 1.6269,                0.59406,                0.13475,                 0.0808,                0.03734,                 2.1733,                 2.8902,                 2.5887,               0.001436,               0.001436,               0.001436
                     10,                 1.4472,                 2.1964,                 1.6553,                0.15965,                0.11803,                0.08936,                0.05433,                 1.7669,                 3.2706,                 2.0596,              0.0014029,              0.0014029,              0.0014029
                     11,                 1.3789,                 2.0388,                 1.5808,                0.66429,                0.11803,                0.08275,                0.04452,                 1.7966,                 3.1263,                  1.978,              0.0013699,              0.0013699,              0.0013699
                     12,                 1.3101,                 1.8774,                 1.5278,                0.28066,                0.10709,                0.11643,                0.05672,                 1.9778,                 3.3056,                 2.3599,              0.0013369,              0.0013369,              0.0013369
                     13,                 1.3179,                 1.9175,                 1.5701,                0.21276,                0.07511,                0.07632,                0.04402,                 1.9574,                 3.7403,                 2.0705,              0.0013039,              0.0013039,              0.0013039
                     14,                 1.3434,                  1.963,                   1.56,                0.74409,                0.19313,                0.15454,                0.08783,                 1.5203,                 2.5802,                 1.8187,              0.0012709,              0.0012709,              0.0012709
                     15,                 1.2238,                 1.7873,                 1.4934,                0.69532,                0.15451,                0.11542,                0.06634,                 1.6339,                  3.113,                 1.9309,              0.0012379,              0.0012379,              0.0012379
                     16,                 1.2743,                 1.7811,                  1.521,                0.73697,                0.13726,                0.14029,                0.08836,                 1.5651,                 2.8096,                 1.8366,              0.0012049,              0.0012049,              0.0012049
                     17,                 1.2439,                 1.6941,                 1.4915,                0.69007,                0.14378,                0.11744,                0.07243,                 1.8632,                 3.2845,                 2.2153,              0.0011719,              0.0011719,              0.0011719
                     18,                 1.2462,                 1.7554,                 1.5003,                0.74695,                0.19099,                0.18017,                0.10827,                 1.4787,                  2.594,                 1.7797,              0.0011389,              0.0011389,              0.0011389
                     19,                  1.215,                  1.734,                 1.4666,                0.19044,                0.05579,                0.05608,                0.03736,                 1.7266,                 3.7539,                 1.9849,              0.0011059,              0.0011059,              0.0011059
                     20,                 1.1609,                 1.5705,                 1.4577,                0.24695,                0.08369,                0.06341,                0.03908,                 1.7395,                 3.8024,                 2.1007,              0.0010729,              0.0010729,              0.0010729
                     21,                  1.159,                 1.5291,                 1.4297,                 0.2818,                0.20172,                0.17831,                0.11642,                 1.4307,                 2.5779,                 1.7475,              0.0010399,              0.0010399,              0.0010399
                     22,                 1.1368,                 1.5225,                 1.4259,                0.24903,                0.20172,                0.17507,                0.10653,                 1.4148,                 2.7178,                 1.7545,              0.0010069,              0.0010069,              0.0010069
                     23,                 1.1518,                 1.4267,                 1.4261,                0.74391,                0.09657,                0.11941,                0.07921,                 1.4062,                 3.2878,                 1.7343,             0.00097386,             0.00097386,             0.00097386
                     24,                 1.1615,                 1.4831,                 1.4338,                0.74714,                0.13734,                0.10877,                0.07102,                 1.5212,                 3.0631,                  1.869,             0.00094085,             0.00094085,             0.00094085
                     25,                 1.1179,                 1.3712,                 1.3982,                0.68177,                0.11159,                0.09088,                0.05846,                 1.6173,                  3.559,                  1.987,             0.00090785,             0.00090785,             0.00090785
                     26,                 1.0409,                 1.2977,                 1.3446,                0.25299,                0.11159,                0.12672,                0.08604,                 1.5175,                 3.4021,                 1.8464,             0.00087484,             0.00087484,             0.00087484
                     27,                 1.0954,                 1.4499,                 1.3757,                0.24033,                0.16087,                0.13834,                0.09042,                 1.5956,                   2.98,                 1.8947,             0.00084184,             0.00084184,             0.00084184
                     28,                 1.0858,                  1.392,                 1.3728,                0.23618,                0.10086,                0.10838,                0.07296,                 1.4266,                 3.3542,                 1.7275,             0.00080883,             0.00080883,             0.00080883
                      1,                 1.1228,                 1.9454,                  1.377,                0.96944,                0.32965,                0.40265,                0.28351,                 1.0906,                 2.1697,                 1.4227,             0.00054518,             0.00054518,             0.00054518
                      2,                 1.1283,                 1.3921,                  1.372,                0.93392,                0.36481,                 0.4244,                0.27636,                 1.2548,                  1.664,                 1.6725,              0.0010791,              0.0010791,              0.0010791
                      3,                 1.1032,                 1.2265,                 1.3498,                0.81087,                0.29614,                0.34027,                0.20611,                 1.4625,                 1.9184,                 1.7725,              0.0015909,              0.0015909,              0.0015909
                      4,                 1.1138,                 1.1585,                 1.3727,                0.80899,                0.30472,                0.31053,                0.18918,                 1.4029,                 1.9405,                 1.6778,               0.001568,               0.001568,               0.001568
                      5,                 1.1428,                 1.0915,                 1.3785,                 0.7534,                0.25107,                0.28216,                0.14952,                 1.5998,                 2.0498,                 1.8175,               0.001568,               0.001568,               0.001568
                      6,                 1.0747,                0.99624,                 1.3252,                0.95101,                  0.397,                0.44856,                0.31447,                 1.0852,                 1.1603,                 1.3762,               0.001535,               0.001535,               0.001535
                      7,                 1.0508,                0.90922,                  1.329,                0.96672,                0.40558,                0.46209,                0.33526,                 1.0732,                0.90035,                 1.3465,               0.001502,               0.001502,               0.001502
                      8,                 1.0422,                0.87884,                 1.3019,                0.94608,                0.42609,                0.46965,                0.34194,                 0.9874,                0.82735,                 1.2904,               0.001469,               0.001469,               0.001469
                      9,                 1.0593,                0.87236,                 1.2994,                0.92303,                0.40097,                0.44203,                0.30314,                  1.138,                0.96117,                 1.4058,               0.001436,               0.001436,               0.001436
                     10,                  1.005,                0.80039,                 1.2817,                0.95065,                 0.4206,                0.45331,                0.30863,                 1.1213,                 0.8817,                 1.4947,              0.0014029,              0.0014029,              0.0014029
                     11,                0.96982,                0.78909,                 1.2628,                0.96548,                0.43133,                 0.4976,                0.36782,                0.97776,                0.72063,                 1.2692,              0.0013699,              0.0013699,              0.0013699
                     12,                0.96912,                0.74798,                  1.256,                0.98047,                0.42918,                0.46032,                 0.3427,                0.99734,                0.76476,                 1.3075,              0.0013369,              0.0013369,              0.0013369
                     13,                0.98807,                0.74505,                 1.2696,                0.96313,                0.42918,                 0.4858,                0.36243,                 0.9729,                0.72369,                  1.273,              0.0013039,              0.0013039,              0.0013039
                     14,                0.95038,                0.71769,                 1.2556,                0.96456,                0.45001,                0.51358,                0.38008,                0.92047,                0.64433,                 1.2504,              0.0012709,              0.0012709,              0.0012709
                     15,                0.94764,                 0.6997,                 1.2439,                0.96899,                0.45437,                0.48275,                 0.3565,                0.94695,                0.67845,                 1.2665,              0.0012379,              0.0012379,              0.0012379
                     16,                0.92429,                0.70144,                 1.2243,                0.97309,                0.43991,                 0.4939,                0.37378,                0.93157,                0.65761,                 1.2306,              0.0012049,              0.0012049,              0.0012049
                     17,                0.89785,                 0.6463,                 1.2022,                0.94235,                0.39515,                0.45528,                0.34338,                0.95653,                0.87903,                 1.2703,              0.0011719,              0.0011719,              0.0011719
                     18,                0.87243,                0.62651,                 1.1925,                0.95961,                0.43955,                0.50405,                 0.3542,                  1.079,                0.75276,                 1.3443,              0.0011389,              0.0011389,              0.0011389
                     19,                0.89607,                0.65998,                 1.2108,                0.97368,                0.43991,                0.48973,                0.36764,                0.90495,                0.63256,                 1.2228,              0.0011059,              0.0011059,              0.0011059
                     20,                0.90178,                0.63306,                 1.1978,                0.96869,                0.44967,                0.52453,                0.40337,                0.94115,                0.64515,                  1.246,              0.0010729,              0.0010729,              0.0010729
                     21,                0.90304,                0.63016,                  1.199,                0.96112,                0.45816,                0.48173,                0.36288,                0.87356,                0.61457,                 1.1656,              0.0010399,              0.0010399,              0.0010399
                     22,                0.86071,                0.62304,                 1.1947,                0.98159,                0.44902,                0.47882,                0.36734,                0.89327,                0.58867,                  1.223,              0.0010069,              0.0010069,              0.0010069
                     23,                0.83099,                0.57977,                 1.1625,                0.97574,                0.46295,                0.50636,                0.38491,                0.85917,                0.62207,                 1.2054,             0.00097386,             0.00097386,             0.00097386
                     24,                 0.8393,                0.59778,                 1.1724,                0.98835,                0.45923,                0.48954,                0.38084,                0.87723,                0.58642,                 1.1786,             0.00094085,             0.00094085,             0.00094085
                     25,                0.83507,                0.56981,                 1.1757,                0.98038,                0.42918,                0.47077,                0.36664,                0.87617,                0.67083,                  1.192,             0.00090785,             0.00090785,             0.00090785
                     26,                0.78692,                0.56407,                 1.1355,                0.98388,                0.45064,                0.48822,                0.37672,                  0.884,                0.54717,                 1.2203,             0.00087484,             0.00087484,             0.00087484
                     27,                0.78779,                0.54924,                 1.1424,                0.98371,                0.45708,                0.48568,                0.37824,                 0.8609,                0.57356,                 1.1787,             0.00084184,             0.00084184,             0.00084184
                     28,                0.78262,                0.55069,                 1.1596,                 0.9892,                0.45708,                0.48348,                 0.3794,                0.83614,                0.55485,                 1.1618,             0.00080883,             0.00080883,             0.00080883
                     29,                0.78921,                0.53092,                 1.1394,                0.97416,                0.45923,                0.51231,                0.39045,                0.85887,                0.55871,                 1.2018,             0.00077582,             0.00077582,             0.00077582
                     30,                0.79096,                0.54861,                 1.1492,                 0.9774,                0.45322,                0.72754,                0.57775,                0.80016,                0.57264,                 1.1391,             0.00074282,             0.00074282,             0.00074282
                     31,                0.75542,                 0.5286,                 1.1357,                0.99165,                0.45708,                0.48575,                0.38354,                0.82409,                0.54246,                  1.155,             0.00070981,             0.00070981,             0.00070981
                     32,                 0.7399,                0.51796,                 1.1224,                0.98834,                0.44932,                0.48913,                0.38218,                0.82888,                0.53992,                 1.1424,              0.0006768,              0.0006768,              0.0006768
                     33,                0.76633,                0.51982,                 1.1341,                0.98165,                0.45052,                0.55298,                0.43478,                0.81092,                0.53751,                 1.1265,              0.0006438,              0.0006438,              0.0006438
                     34,                0.75765,                0.50682,                 1.1259,                0.97942,                0.46137,                0.72955,                0.56019,                0.80165,                 0.5486,                 1.1327,             0.00061079,             0.00061079,             0.00061079
                     35,                0.73182,                0.49411,                 1.1135,                0.98393,                0.45236,                0.72541,                0.55406,                0.82671,                 0.5845,                 1.1501,             0.00057778,             0.00057778,             0.00057778
                     36,                 0.7098,                0.48708,                 1.0992,                0.98652,                0.45064,                0.50021,                0.40351,                0.79586,                0.54442,                 1.1356,             0.00054478,             0.00054478,             0.00054478
                     37,                0.71894,                0.46951,                 1.0925,                0.96922,                0.45797,                0.48338,                0.38759,                0.81368,                0.54735,                 1.1256,             0.00051177,             0.00051177,             0.00051177
                     38,                0.69475,                0.45863,                 1.0949,                0.98628,                0.45639,                0.57905,                0.46358,                0.81672,                0.50149,                 1.1342,             0.00047876,             0.00047876,             0.00047876
                     39,                0.70207,                0.46431,                 1.1057,                0.97952,                0.45494,                0.97778,                 0.7793,                0.83585,                0.53295,                 1.1514,             0.00044576,             0.00044576,             0.00044576
                     40,                0.68165,                0.46748,                 1.0788,                0.98748,                0.44635,                0.50598,                0.40571,                0.82191,                0.52716,                 1.1549,             0.00041275,             0.00041275,             0.00041275
                      1,                 1.1086,                  1.931,                 1.3836,                0.93804,                0.37928,                0.42613,                0.30033,                 1.0256,                 1.9631,                 1.4046,             0.00054518,             0.00054518,             0.00054518
                      2,                  1.096,                 1.3732,                 1.3605,                0.90399,                0.37124,                0.39795,                0.26944,                 1.2372,                 1.8208,                 1.5281,              0.0010791,              0.0010791,              0.0010791
                      3,                  1.125,                 1.2424,                 1.3776,                0.85351,                0.33262,                0.37077,                0.21788,                  1.322,                 2.0375,                 1.7362,              0.0015909,              0.0015909,              0.0015909
                      4,                 1.1464,                 1.1913,                  1.393,                0.86919,                0.34522,                0.36118,                0.20275,                 1.3998,                 1.6664,                 1.7158,               0.001568,               0.001568,               0.001568
                      5,                 1.1134,                 1.0896,                 1.3605,                0.82218,                0.33048,                0.33841,                0.20782,                 1.2971,                 1.8855,                 1.6054,               0.001568,               0.001568,               0.001568
                      6,                 1.0879,                0.98163,                  1.322,                0.93491,                0.40146,                0.44232,                0.28508,                  1.206,                 1.2027,                 1.4991,               0.001535,               0.001535,               0.001535
                      7,                 1.0294,                0.89057,                 1.2843,                0.95938,                0.41258,                0.46273,                0.32908,                 1.0838,                 1.0103,                 1.3582,               0.001502,               0.001502,               0.001502
                      8,                  1.043,                0.87399,                 1.3105,                0.92737,                0.41845,                0.46016,                0.33825,                 1.0148,                0.89001,                 1.3216,               0.001469,               0.001469,               0.001469
                      9,                 1.0232,                0.83773,                 1.2927,                0.97112,                0.42004,                0.46567,                0.34437,                0.99719,                0.82295,                 1.3035,               0.001436,               0.001436,               0.001436
                     10,                 1.0151,                0.81921,                 1.2992,                0.94688,                0.42275,                0.46371,                0.33265,                 1.0214,                0.84463,                 1.3031,              0.0014029,              0.0014029,              0.0014029
                     11,                 1.0167,                0.79572,                 1.2885,                0.97665,                0.43808,                0.48269,                0.35618,                 1.0023,                 0.7396,                 1.3191,              0.0013699,              0.0013699,              0.0013699
                     12,                 0.9817,                0.76664,                 1.2657,                 0.9685,                0.42275,                0.47171,                0.34623,                 1.0133,                0.74899,                 1.3261,              0.0013369,              0.0013369,              0.0013369
                     13,                0.97408,                0.74124,                 1.2586,                0.96091,                0.45548,                0.64161,                0.46629,                0.94108,                0.69986,                 1.2509,              0.0013039,              0.0013039,              0.0013039
                     14,                0.94267,                0.70873,                 1.2378,                0.95762,                0.44026,                0.47463,                0.34504,                 1.0037,                 0.6718,                 1.2962,              0.0012709,              0.0012709,              0.0012709
                     15,                0.93723,                 0.6879,                 1.2409,                0.97118,                0.45604,                0.49568,                0.35781,                0.97557,                0.62813,                 1.2707,              0.0012379,              0.0012379,              0.0012379
                     16,                0.92596,                0.67762,                 1.2279,                0.98174,                0.44421,                0.50019,                0.37716,                 0.9337,                0.62133,                 1.2723,              0.0012049,              0.0012049,              0.0012049
                     17,                0.90604,                  0.655,                 1.2175,                0.98702,                0.43777,                0.56143,                0.42739,                0.90354,                0.61063,                 1.2525,              0.0011719,              0.0011719,              0.0011719
                     18,                0.92775,                0.65278,                 1.2297,                0.96631,                0.43991,                0.48677,                0.36675,                0.93631,                0.63518,                   1.23,              0.0011389,              0.0011389,              0.0011389
                     19,                0.87963,                0.64511,                 1.2054,                0.97447,                0.44635,                0.48021,                0.35402,                0.93231,                 0.6307,                 1.2598,              0.0011059,              0.0011059,              0.0011059
                     20,                0.88146,                 0.6396,                 1.1938,                 0.9823,                0.40933,                0.45756,                0.33797,                 1.0235,                0.72008,                 1.3248,              0.0010729,              0.0010729,              0.0010729
                     21,                0.85498,                0.62382,                 1.1795,                0.98514,                0.41202,                0.95693,                0.59851,                0.95412,                0.67593,                 1.2968,              0.0010399,              0.0010399,              0.0010399
                     22,                0.86469,                0.61078,                 1.1959,                0.98122,                0.44635,                0.52215,                0.39482,                 0.8788,                0.57842,                  1.196,              0.0010069,              0.0010069,              0.0010069
                     23,                0.88859,                0.60928,                 1.1955,                0.98084,                 0.4485,                0.48697,                0.36655,                0.86173,                0.57559,                 1.1982,             0.00097386,             0.00097386,             0.00097386
                     24,                0.85147,                0.58071,                  1.179,                0.98891,                0.42704,                0.47809,                0.35811,                0.94989,                0.63944,                 1.2826,             0.00094085,             0.00094085,             0.00094085
                     25,                0.85069,                0.58415,                 1.1793,                0.97701,                0.44533,                0.49867,                0.38412,                0.92644,                0.62593,                 1.2378,             0.00090785,             0.00090785,             0.00090785
                     26,                0.83843,                0.57541,                 1.1597,                0.98628,                0.45632,                0.97823,                0.72435,                0.83363,                0.56229,                 1.1521,             0.00087484,             0.00087484,             0.00087484
                     27,                0.80048,                0.55256,                 1.1643,                0.97787,                0.46348,                0.97693,                0.77619,                0.83575,                0.57174,                 1.1816,             0.00084184,             0.00084184,             0.00084184
                     28,                0.79446,                0.53387,                 1.1407,                0.98834,                0.45064,                0.64788,                0.51857,                0.80156,                0.51324,                 1.1436,             0.00080883,             0.00080883,             0.00080883
                     29,                0.76933,                0.52978,                 1.1359,                 0.9694,                0.46084,                0.55803,                0.43748,                0.87032,                 0.5844,                 1.1792,             0.00077582,             0.00077582,             0.00077582
                     30,                 0.7651,                0.50836,                  1.124,                0.97556,                0.46352,                0.51248,                 0.4055,                0.82557,                0.56222,                 1.1503,             0.00074282,             0.00074282,             0.00074282
                     31,                0.76399,                0.51052,                 1.1298,                0.96596,                0.45064,                0.96645,                0.77262,                0.83693,                0.62184,                  1.154,             0.00070981,             0.00070981,             0.00070981
                     32,                0.75663,                 0.5155,                 1.1286,                 0.9728,                0.44763,                0.97185,                0.71585,                 0.8932,                0.60982,                 1.1937,              0.0006768,              0.0006768,              0.0006768
                     33,                0.77721,                0.50763,                 1.1422,                0.98351,                0.44044,                0.96291,                0.76894,                0.86534,                0.56124,                 1.2045,              0.0006438,              0.0006438,              0.0006438
                     34,                0.71628,                0.47681,                 1.1089,                0.98333,                0.43543,                0.96604,                0.72177,                0.84782,                0.58206,                 1.1812,             0.00061079,             0.00061079,             0.00061079
                     35,                0.73829,                0.48037,                 1.1136,                0.98769,                0.43991,                0.97052,                0.77333,                0.82605,                0.56406,                  1.154,             0.00057778,             0.00057778,             0.00057778
                     36,                0.72736,                0.47728,                 1.1093,                0.98486,                0.44421,                0.72426,                0.57171,                0.86926,                0.56625,                 1.1909,             0.00054478,             0.00054478,             0.00054478
                     37,                0.71054,                 0.4653,                 1.0946,                0.98366,                0.44464,                0.97231,                0.57079,                0.85607,                0.58056,                 1.1539,             0.00051177,             0.00051177,             0.00051177
                     38,                0.69898,                  0.445,                 1.0849,                0.98294,                0.44421,                0.98069,                0.82877,                0.81372,                 0.5534,                 1.1299,             0.00047876,             0.00047876,             0.00047876
                     39,                0.68406,                0.46012,                 1.0834,                0.98194,                0.45808,                 0.9745,                 0.7356,                0.80505,                0.53197,                 1.1111,             0.00044576,             0.00044576,             0.00044576
                     40,                0.68456,                0.45547,                 1.0866,                0.98165,                0.45049,                0.97035,                0.82916,                0.83526,                0.53228,                 1.1727,             0.00041275,             0.00041275,             0.00041275
                     41,                 0.6211,                0.39624,                 1.0722,                0.97521,                0.45494,                 0.4852,                0.39441,                0.81023,                0.51979,                  1.129,             0.00037974,             0.00037974,             0.00037974
                     42,                0.59399,                0.36651,                 1.0609,                0.98191,                0.45728,                0.97901,                0.78802,                0.77747,                0.48017,                 1.1123,             0.00034674,             0.00034674,             0.00034674
                     43,                0.56915,                0.34131,                  1.047,                0.92082,                0.46781,                0.97331,                0.83183,                0.78737,                0.52203,                 1.1129,             0.00031373,             0.00031373,             0.00031373
                     44,                0.55544,                 0.3402,                 1.0236,                0.98451,                0.43348,                0.60173,                0.49537,                0.79514,                0.54447,                 1.1288,             0.00028072,             0.00028072,             0.00028072
                     45,                0.55113,                0.33587,                 1.0375,                0.97735,                0.45064,                0.64441,                0.53703,                0.79877,                0.54046,                 1.1207,             0.00024772,             0.00024772,             0.00024772
                     46,                0.53321,                0.32031,                 1.0147,                0.97305,                0.45197,                0.64344,                0.53569,                 0.8165,                0.53389,                 1.1517,             0.00021471,             0.00021471,             0.00021471
                     47,                0.50609,                0.31096,                0.98449,                0.92692,                0.45708,                0.96748,                0.82854,                0.82364,                0.54463,                 1.1641,              0.0001817,              0.0001817,              0.0001817
                     48,                0.50724,                0.30355,                0.99424,                 0.9798,                0.45876,                0.49558,                0.40497,                0.79804,                0.50932,                 1.1448,              0.0001487,              0.0001487,              0.0001487
                     49,                0.49297,                0.30377,                0.97567,                0.98623,                0.45451,                 0.5078,                0.41648,                0.77876,                0.50681,                 1.1151,             0.00011569,             0.00011569,             0.00011569
                     50,                0.49451,                0.29364,                0.98638,                 0.9818,                0.45454,                0.52684,                0.43207,                0.77788,                0.50768,                 1.1113,             8.2683e-05,             8.2683e-05,             8.2683e-05
                      1,                 1.0797,                 1.8449,                 1.3496,                0.95037,                0.36383,                0.41154,                0.29414,                 1.0363,                  1.924,                 1.3574,             0.00054592,             0.00054592,             0.00054592
                      2,                 1.0431,                 1.2557,                 1.3466,                0.89775,                0.36809,                0.40456,                0.25789,                 1.1959,                 1.8199,                 1.5585,              0.0010798,              0.0010798,              0.0010798
                      3,                 1.0848,                 1.1686,                 1.3505,                0.90248,                0.38637,                0.42034,                0.27509,                 1.2227,                 1.4045,                 1.5251,              0.0015916,              0.0015916,              0.0015916
                      4,                 1.0967,                 1.1128,                 1.3547,                0.87927,                 0.3743,                0.39986,                0.25726,                 1.2807,                 1.3285,                 1.5332,               0.001568,               0.001568,               0.001568
                      5,                 1.0886,                 1.0185,                 1.3321,                0.91769,                0.34681,                0.40634,                0.27549,                 1.2301,                 1.2167,                 1.4779,               0.001568,               0.001568,               0.001568
                      6,                  1.041,                0.95272,                 1.3246,                0.94739,                0.43424,                0.45845,                0.33181,                 1.0217,                0.88354,                 1.3245,               0.001535,               0.001535,               0.001535
                      7,                 1.0419,                0.88047,                 1.2966,                0.92564,                0.42623,                0.46071,                0.32412,                 1.0359,                0.84558,                 1.3712,               0.001502,               0.001502,               0.001502
                      8,                 1.0253,                0.85157,                 1.3001,                  0.903,                0.42979,                0.45137,                0.31561,                 1.0558,                0.93309,                 1.4118,               0.001469,               0.001469,               0.001469
                      9,                0.99725,                0.82682,                 1.2925,                0.92176,                0.41702,                0.45049,                0.31074,                 1.1863,                0.88175,                 1.5001,               0.001436,               0.001436,               0.001436
                     10,                0.96294,                 0.7809,                 1.2705,                0.97629,                 0.4234,                0.52345,                0.36958,                 1.0198,                0.79068,                 1.3541,              0.0014029,              0.0014029,              0.0014029
                     11,                0.99832,                0.75715,                 1.2897,                0.95971,                0.43191,                0.64249,                0.49222,                0.98336,                 0.7378,                 1.2673,              0.0013699,              0.0013699,              0.0013699
                     12,                0.97292,                0.75394,                 1.2803,                0.94244,                0.45106,                0.47796,                0.35419,                0.95975,                0.75092,                 1.2742,              0.0013369,              0.0013369,              0.0013369
                     13,                0.93705,                0.72085,                 1.2507,                0.98612,                0.44696,                0.48803,                 0.3656,                 0.8751,                 0.6003,                 1.2324,              0.0013039,              0.0013039,              0.0013039
                     14,                0.94599,                0.70223,                 1.2458,                0.98408,                0.45292,                0.48515,                0.36755,                0.96416,                0.61347,                 1.2717,              0.0012709,              0.0012709,              0.0012709
                     15,                0.90144,                 0.6591,                 1.2272,                0.97917,                0.45745,                0.53693,                 0.4024,                0.90144,                0.59772,                 1.2221,              0.0012379,              0.0012379,              0.0012379
                     16,                    0.9,                0.65547,                 1.2177,                0.97766,                0.40935,                0.61056,                0.42919,                 1.0281,                 0.8338,                 1.3437,              0.0012049,              0.0012049,              0.0012049
                     17,                0.88562,                0.63411,                 1.2051,                0.97922,                 0.4416,                0.48018,                0.34903,                 1.0067,                0.68315,                 1.2845,              0.0011719,              0.0011719,              0.0011719
                     18,                0.88589,                0.63878,                  1.224,                0.96944,                0.44468,                0.47618,                0.35794,                0.96627,                0.67198,                 1.2507,              0.0011389,              0.0011389,              0.0011389
                     19,                0.86126,                0.62335,                 1.1947,                 0.9734,                0.44894,                 0.5227,                0.40738,                0.87273,                 0.5873,                 1.1875,              0.0011059,              0.0011059,              0.0011059
                     20,                0.85101,                0.59682,                 1.1834,                0.97961,                0.45035,                0.72726,                0.57329,                0.82466,                0.56509,                 1.1531,              0.0010729,              0.0010729,              0.0010729
                     21,                0.85998,                0.60758,                 1.1889,                0.97493,                0.45957,                0.50587,                0.38977,                0.84204,                0.55374,                 1.1669,              0.0010399,              0.0010399,              0.0010399
                     22,                0.83286,                0.59184,                 1.1731,                0.96581,                0.46376,                0.56376,                0.45113,                0.83057,                 0.5416,                 1.1636,              0.0010069,              0.0010069,              0.0010069
                     23,                0.78955,                0.55992,                 1.1537,                0.96582,                0.45319,                0.50668,                 0.3923,                0.85866,                0.51714,                 1.1992,             0.00097386,             0.00097386,             0.00097386
                     24,                0.83236,                0.57204,                 1.1847,                0.98191,                0.44894,                0.53021,                0.40176,                0.89143,                0.60292,                 1.2017,             0.00094085,             0.00094085,             0.00094085
                     25,                0.81376,                0.56184,                 1.1628,                0.97345,                0.45522,                0.52617,                0.41761,                0.85222,                 0.5668,                  1.173,             0.00090785,             0.00090785,             0.00090785
                     26,                 0.7945,                0.54792,                 1.1463,                 0.9711,                0.45957,                0.60739,                0.46183,                0.79778,                0.52529,                   1.14,             0.00087484,             0.00087484,             0.00087484
                     27,                0.80621,                0.54177,                 1.1611,                0.96581,                0.43481,                0.53072,                 0.4157,                0.89045,                   0.61,                 1.2317,             0.00084184,             0.00084184,             0.00084184
                     28,                0.77785,                0.52463,                 1.1368,                0.97856,                0.45745,                0.51825,                0.41123,                0.82174,                0.50513,                 1.1375,             0.00080883,             0.00080883,             0.00080883
                     29,                0.76615,                0.51933,                 1.1441,                0.98515,                0.43191,                0.64239,                 0.5026,                0.86062,                0.56229,                 1.2002,             0.00077582,             0.00077582,             0.00077582
                     30,                 0.7631,                0.50945,                 1.1358,                0.98229,                0.46356,                0.98865,                0.68008,                0.84147,                0.46261,                 1.1733,             0.00074282,             0.00074282,             0.00074282
                     31,                0.74193,                0.51114,                 1.1293,                0.97253,                0.45745,                0.49042,                0.38455,                0.79753,                0.52232,                 1.1344,             0.00070981,             0.00070981,             0.00070981
                     32,                0.75668,                0.52414,                 1.1307,                 0.9827,                0.44043,                0.52434,                0.42322,                0.83563,                0.53338,                 1.1783,              0.0006768,              0.0006768,              0.0006768
                     33,                0.74429,                0.49332,                 1.1174,                0.96426,                0.47021,                0.50044,                0.39506,                0.81659,                0.49953,                 1.1499,              0.0006438,              0.0006438,              0.0006438
                     34,                0.72075,                0.49371,                 1.1191,                0.97607,                0.46556,                0.51538,                0.40734,                0.78873,                0.47928,                 1.1304,             0.00061079,             0.00061079,             0.00061079
                     35,                0.72333,                0.48319,                 1.1107,                0.97191,                0.45745,                0.49323,                0.38796,                0.81473,                0.51261,                 1.1366,             0.00057778,             0.00057778,             0.00057778
                     36,                0.68996,                0.46401,                 1.0904,                0.97906,                0.44894,                0.50007,                0.40442,                0.81612,                0.49558,                 1.1618,             0.00054478,             0.00054478,             0.00054478
                     37,                0.69846,                 0.4715,                 1.0994,                0.96608,                0.46783,                 0.4976,                0.39692,                0.79055,                0.48238,                 1.1254,             0.00051177,             0.00051177,             0.00051177
                     38,                 0.6846,                0.44106,                 1.0928,                0.98939,                0.44894,                 0.5161,                0.41518,                0.78804,                0.46576,                 1.1243,             0.00047876,             0.00047876,             0.00047876
                     39,                0.67206,                0.43829,                 1.0791,                0.97028,                0.47143,                 0.4974,                0.40645,                0.75744,                0.48591,                 1.1066,             0.00044576,             0.00044576,             0.00044576
                     40,                0.69239,                0.46294,                 1.0904,                0.98065,                0.44894,                0.52235,                0.42436,                0.75347,                0.47678,                 1.0981,             0.00041275,             0.00041275,             0.00041275
                     41,                0.57406,                0.36364,                 1.0417,                0.97802,                0.46267,                0.64954,                0.52378,                0.76429,                0.47805,                 1.0952,             0.00037974,             0.00037974,             0.00037974
                     42,                0.55573,                0.34223,                 1.0315,                 0.9884,                0.44789,                0.53026,                0.43081,                0.75971,                0.45863,                 1.1035,             0.00034674,             0.00034674,             0.00034674
                     43,                0.55645,                0.34067,                 1.0475,                0.97837,                0.45745,                 0.6441,                0.52028,                0.78616,                0.49147,                 1.1228,             0.00031373,             0.00031373,             0.00031373
                     44,                0.53867,                0.34267,                 1.0309,                0.98731,                0.45957,                0.97822,                0.79414,                 0.7392,                0.44228,                 1.0838,             0.00028072,             0.00028072,             0.00028072
                     45,                0.51689,                0.32069,                 1.0051,                0.93779,                0.47021,                0.97222,                0.78795,                 0.7524,                0.45039,                 1.1063,             0.00024772,             0.00024772,             0.00024772
                     46,                 0.5071,                 0.3147,                 1.0096,                0.89766,                0.47447,                0.97548,                0.84165,                0.76643,                0.46207,                 1.1245,             0.00021471,             0.00021471,             0.00021471
                     47,                0.50086,                0.30329,                0.99934,                0.90828,                0.47234,                0.97277,                0.79231,                0.73478,                0.47321,                  1.091,              0.0001817,              0.0001817,              0.0001817
                     48,                0.48203,                 0.2996,                0.97307,                0.92741,                0.47234,                0.97248,                0.78911,                0.75129,                0.46272,                 1.0991,              0.0001487,              0.0001487,              0.0001487
                     49,                 0.4759,                0.29402,                0.97964,                0.93361,                0.47021,                0.97619,                0.79368,                0.74227,                0.45897,                 1.0969,             0.00011569,             0.00011569,             0.00011569
                     50,                0.46678,                0.29394,                 0.9686,                0.93071,                0.47447,                0.97757,                0.84261,                 0.7409,                0.45487,                 1.0931,             8.2683e-05,             8.2683e-05,             8.2683e-05
                      1,                  0.904,                 2.4869,                 1.3193,                0.00333,                      1,                 0.0995,                0.07073,                 0.3944,                 3.1752,                 1.2821,                  2e-05,                  2e-05,                  2e-05
                      2,                0.97984,                 2.5076,                 1.3923,                0.00333,                      1,                0.11056,                0.06633,                0.39863,                 3.1731,                 1.2899,             5.8812e-05,             5.8812e-05,             5.8812e-05
                      3,                 0.8545,                 2.5087,                 1.3238,                0.00333,                      1,                0.11481,                0.06728,                 0.4068,                 3.1835,                 1.3017,              9.604e-05,              9.604e-05,              9.604e-05
                      4,                0.81463,                 2.4552,                  1.299,                0.00333,                      1,                0.42643,                0.27252,                0.35944,                 3.1471,                 1.2396,             0.00013168,             0.00013168,             0.00013168
                      5,                 0.6631,                 2.1389,                 1.2383,                0.00333,                      1,                  0.995,                0.82615,                0.31488,                  3.126,                  1.249,             0.00016574,             0.00016574,             0.00016574
                      6,                0.55873,                 1.6562,                 1.1592,                0.00333,                      1,                  0.995,                0.53669,                0.58414,                 3.1791,                 1.3465,             0.00019822,             0.00019822,             0.00019822
                      7,                0.59548,                  1.287,                 1.1997,                0.12066,                      1,                   0.83,                0.39157,                0.91849,                 3.3292,                 1.5615,             0.00022911,             0.00022911,             0.00022911
                      8,                0.47055,                 1.1589,                 1.0822,                0.00333,                      1,                  0.665,                0.42479,                 1.0019,                 3.2045,                 1.6419,             0.00025842,             0.00025842,             0.00025842
                      9,                0.55409,                0.95617,                 1.0607,                0.00333,                      1,                   0.83,                0.49707,                 0.8567,                 3.0272,                 1.6995,             0.00028614,             0.00028614,             0.00028614
                     10,                0.43461,                0.89053,                 1.0521,                0.00333,                      1,                   0.83,                0.40097,                0.89464,                 3.0304,                 1.7511,             0.00031228,             0.00031228,             0.00031228
                     11,                0.49769,                0.98911,                 1.1375,                0.62936,                      1,                  0.995,                0.49212,                0.99589,                 3.0278,                 1.8334,             0.00033684,             0.00033684,             0.00033684
                     12,                0.39251,                0.78579,                0.99237,                      1,                0.91287,                  0.995,                0.41109,                 1.1681,                 2.9644,                 1.9318,             0.00035981,             0.00035981,             0.00035981
                     13,                0.62694,                0.99847,                 1.1862,                0.77984,                      1,                  0.995,                0.45675,                 1.1134,                  3.041,                 1.8411,              0.0003812,              0.0003812,              0.0003812
                     14,                0.41436,                0.78215,                0.98562,                0.67434,                      1,                 0.9125,                0.57861,                0.98313,                  3.188,                 1.6926,               0.000401,               0.000401,               0.000401
                     15,                0.49346,                0.84467,                  1.092,                0.71008,                0.84032,                 0.9125,                0.60279,                0.94131,                 3.3063,                 1.5829,             0.00041922,             0.00041922,             0.00041922
                     16,                0.44771,                0.77655,                 0.9868,                0.73818,                      1,                 0.9125,                0.71379,                0.88847,                 3.1792,                 1.5191,             0.00043586,             0.00043586,             0.00043586
                     17,                0.42606,                0.80264,                 1.0128,                0.78992,                      1,                  0.995,                0.82957,                0.72907,                 3.0593,                 1.4618,             0.00045091,             0.00045091,             0.00045091
                     18,                0.41014,                0.78273,                0.96083,                0.86428,                      1,                  0.995,                0.85716,                 0.6111,                 2.7018,                 1.4491,             0.00046438,             0.00046438,             0.00046438
                     19,                0.43867,                0.80484,                 1.0473,                0.95099,                      1,                  0.995,                0.84037,                0.66837,                 2.3346,                 1.5527,             0.00047626,             0.00047626,             0.00047626
                     20,                0.54337,                0.89507,                 1.1146,                0.95522,                      1,                  0.995,                0.81279,                0.73586,                 2.2703,                 1.6646,             0.00048656,             0.00048656,             0.00048656
                     21,                0.53705,                0.80831,                 1.0763,                0.94962,                      1,                  0.995,                 0.8072,                0.75633,                 2.3341,                 1.6195,             0.00049528,             0.00049528,             0.00049528
                     22,                0.54096,                0.76078,                 1.0158,                0.66487,                      1,                 0.9125,                0.70582,                0.79442,                 2.8399,                 1.5725,             0.00050241,             0.00050241,             0.00050241
                     23,                0.53672,                0.79784,                 1.0887,                0.72499,                0.89998,                 0.9125,                0.60599,                0.84436,                 2.8005,                 1.7016,             0.00050796,             0.00050796,             0.00050796
                     24,                0.48078,                0.80061,                 1.0263,                      1,                0.98622,                  0.995,                 0.8072,                 0.8561,                 2.5137,                 1.9328,             0.00051192,             0.00051192,             0.00051192
                     25,                0.49662,                0.78945,                 1.0465,                0.97375,                      1,                  0.995,                0.59866,                0.89305,                 2.1517,                 1.9561,              0.0005143,              0.0005143,              0.0005143
                     26,                0.45441,                0.73564,                 1.0146,                0.97604,                      1,                  0.995,                0.78708,                0.78759,                 1.8339,                 1.7627,              0.0005151,              0.0005151,              0.0005151
                     27,                0.46706,                0.74456,                 1.0307,                0.96457,                      1,                  0.995,                0.82954,                0.59307,                  1.812,                 1.4379,             0.00051431,             0.00051431,             0.00051431
                     28,                0.43469,                0.71113,                 1.0043,                0.96457,                      1,                  0.995,                0.82954,                0.59307,                  1.812,                 1.4379,             0.00051194,             0.00051194,             0.00051194
                     29,                0.51323,                0.75997,                 1.0425,                0.97946,                      1,                  0.995,                 0.8955,                0.53191,                 1.6986,                 1.3188,             0.00050798,             0.00050798,             0.00050798
                     30,                0.48878,                0.78883,                 1.0322,                0.98501,                      1,                  0.995,                0.92904,                0.49339,                 1.7015,                  1.281,             0.00050244,             0.00050244,             0.00050244
                     31,                0.52919,                0.78343,                 1.1576,                0.98501,                      1,                  0.995,                0.92904,                0.49339,                 1.7015,                  1.281,             0.00049532,             0.00049532,             0.00049532
                     32,                0.48664,                0.70481,                 1.0008,                0.98679,                      1,                  0.995,                0.92904,                0.56741,                 1.7206,                 1.3799,             0.00048661,             0.00048661,             0.00048661
                     33,                0.43952,                0.69369,                  1.007,                0.98305,                      1,                  0.995,                0.89607,                0.57071,                 1.8577,                 1.4373,             0.00047632,             0.00047632,             0.00047632
                     34,                0.38917,                0.63709,                0.97771,                0.98305,                      1,                  0.995,                0.89607,                0.57071,                 1.8577,                 1.4373,             0.00046444,             0.00046444,             0.00046444
                     35,                0.41164,                0.64591,                 1.0191,                0.97523,                      1,                  0.995,                0.86274,                0.55516,                 1.9275,                 1.4005,             0.00045098,             0.00045098,             0.00045098
                     36,                0.40558,                0.66861,                 1.0112,                0.97622,                      1,                  0.995,                0.89607,                0.51396,                 1.9279,                 1.3328,             0.00043594,             0.00043594,             0.00043594
                     37,                0.41819,                0.63633,                 1.0415,                0.97622,                      1,                  0.995,                0.89607,                0.51396,                 1.9279,                 1.3328,             0.00041931,             0.00041931,             0.00041931
                     38,                0.41897,                0.67076,                 1.0296,                0.97518,                      1,                  0.995,                0.89607,                0.51899,                 1.9234,                 1.3254,              0.0004011,              0.0004011,              0.0004011
                     39,                0.42003,                0.61803,                0.96726,                0.97425,                      1,                  0.995,                0.91229,                0.53314,                 1.9742,                 1.2983,              0.0003813,              0.0003813,              0.0003813
                     40,                0.44507,                0.65343,                 1.0363,                0.97425,                      1,                  0.995,                0.91229,                0.53314,                 1.9742,                 1.2983,             0.00035992,             0.00035992,             0.00035992
                     41,                0.33027,                 1.1843,                0.99589,                 0.9762,                      1,                  0.995,                0.93987,                0.49426,                 1.9799,                  1.266,             0.00033696,             0.00033696,             0.00033696
                     42,                0.36596,                 1.2158,                0.99141,                0.97691,                      1,                  0.995,                 0.9067,                0.47826,                 2.0388,                  1.251,             0.00031241,             0.00031241,             0.00031241
                     43,                 0.2972,                 1.0957,                0.90362,                0.97691,                      1,                  0.995,                 0.9067,                0.47826,                 2.0388,                  1.251,             0.00028628,             0.00028628,             0.00028628
                     44,                 0.3185,                 1.1929,                 0.9792,                0.98224,                      1,                  0.995,                 0.9067,                0.52664,                 2.1932,                 1.3278,             0.00025856,             0.00025856,             0.00025856
                     45,                0.28351,                 1.0571,                0.91534,                0.98224,                      1,                  0.995,                 0.9067,                0.52664,                 2.1932,                 1.3278,             0.00022926,             0.00022926,             0.00022926
                     46,                0.27805,                 1.0398,                0.97055,                0.98317,                      1,                  0.995,                0.85154,                0.63345,                 2.1927,                 1.4918,             0.00019838,             0.00019838,             0.00019838
                     47,                0.27947,                 1.0031,                0.86787,                0.98317,                      1,                  0.995,                0.85154,                0.63345,                 2.1927,                 1.4918,             0.00016591,             0.00016591,             0.00016591
                     48,                0.30264,                 1.0088,                0.92608,                0.98465,                      1,                  0.995,                0.85154,                0.68073,                 2.0129,                 1.5894,             0.00013186,             0.00013186,             0.00013186
                     49,                 0.3155,                 1.0096,                0.90897,                0.98465,                      1,                  0.995,                0.85154,                0.68073,                 2.0129,                 1.5894,             9.6224e-05,             9.6224e-05,             9.6224e-05
                     50,                0.26315,                0.95067,                0.93039,                0.98582,                      1,                  0.995,                 0.8955,                0.66631,                 1.8258,                 1.5949,             5.9004e-05,             5.9004e-05,             5.9004e-05
                      1,                 1.0783,                 1.8595,                 1.3687,                0.92594,                0.35485,                0.40192,                0.29037,                0.98488,                 1.8187,                  1.305,             0.00054592,             0.00054592,             0.00054592
                      2,                 1.0915,                 1.3286,                 1.3635,                0.90125,                    0.3,                0.35691,                0.22187,                 1.3585,                 1.9201,                 1.7435,              0.0010798,              0.0010798,              0.0010798
                      3,                 1.1299,                 1.2493,                 1.3692,                0.88168,                0.39574,                0.42932,                0.28372,                 1.1829,                 2.2964,                 1.5702,              0.0015916,              0.0015916,              0.0015916
                      4,                 1.1079,                 1.1201,                 1.3613,                0.85799,                0.34468,                0.36732,                0.23273,                 1.2327,                 1.4832,                 1.5072,               0.001568,               0.001568,               0.001568
                      5,                 1.0706,                 1.0041,                 1.3474,                0.89364,                 0.3386,                0.36906,                0.23032,                 1.4956,                 1.5113,                 2.0235,               0.001568,               0.001568,               0.001568
                      6,                 1.0814,                0.99809,                  1.336,                0.97408,                0.39149,                0.46885,                 0.3297,                 1.0699,                0.91249,                 1.3363,               0.001535,               0.001535,               0.001535
                      7,                  1.048,                0.89522,                 1.2928,                0.92777,                0.44101,                0.45924,                0.29963,                 1.0878,                 1.0989,                 1.4328,               0.001502,               0.001502,               0.001502
                      8,                 1.0462,                0.85575,                 1.3155,                0.94058,                0.41915,                0.45373,                0.33722,                0.93468,                0.86944,                 1.2623,               0.001469,               0.001469,               0.001469
                      9,                 0.9847,                0.80043,                 1.2721,                0.94259,                0.38511,                0.48855,                0.34052,                 1.0184,                0.91627,                 1.3224,               0.001436,               0.001436,               0.001436
                     10,                0.99054,                 0.7709,                 1.2901,                0.96625,                 0.4234,                0.48222,                0.33158,                 1.0205,                0.84612,                 1.3014,              0.0014029,              0.0014029,              0.0014029
                     11,                0.95463,                 0.7679,                 1.2518,                0.95886,                0.45089,                 0.4857,                0.35256,                0.94144,                0.66737,                 1.2527,              0.0013699,              0.0013699,              0.0013699
                     12,                0.95344,                0.73464,                 1.2622,                0.94406,                0.40213,                0.44013,                0.31771,                 1.0687,                0.92921,                 1.3712,              0.0013369,              0.0013369,              0.0013369
                      1,                 1.0783,                 1.8595,                 1.3687,                0.92594,                0.35485,                0.40192,                0.29037,                0.98488,                 1.8187,                  1.305,             0.00054592,             0.00054592,             0.00054592
                      2,                 1.0915,                 1.3286,                 1.3635,                0.90125,                    0.3,                0.35691,                0.22187,                 1.3585,                 1.9201,                 1.7435,              0.0010798,              0.0010798,              0.0010798
                      3,                 1.1299,                 1.2493,                 1.3692,                0.88168,                0.39574,                0.42932,                0.28372,                 1.1829,                 2.2964,                 1.5702,              0.0015916,              0.0015916,              0.0015916
                      4,                 1.1079,                 1.1201,                 1.3613,                0.85799,                0.34468,                0.36732,                0.23273,                 1.2327,                 1.4832,                 1.5072,               0.001568,               0.001568,               0.001568
                      5,                 1.0706,                 1.0041,                 1.3474,                0.89364,                 0.3386,                0.36906,                0.23032,                 1.4956,                 1.5113,                 2.0235,               0.001568,               0.001568,               0.001568
                      6,                 1.0814,                0.99809,                  1.336,                0.97408,                0.39149,                0.46885,                 0.3297,                 1.0699,                0.91249,                 1.3363,               0.001535,               0.001535,               0.001535
                      7,                  1.048,                0.89522,                 1.2928,                0.92777,                0.44101,                0.45924,                0.29963,                 1.0878,                 1.0989,                 1.4328,               0.001502,               0.001502,               0.001502
                      8,                 1.0462,                0.85575,                 1.3155,                0.94058,                0.41915,                0.45373,                0.33722,                0.93468,                0.86944,                 1.2623,               0.001469,               0.001469,               0.001469
                      9,                 0.9847,                0.80043,                 1.2721,                0.94259,                0.38511,                0.48855,                0.34052,                 1.0184,                0.91627,                 1.3224,               0.001436,               0.001436,               0.001436
                     10,                0.99054,                 0.7709,                 1.2901,                0.96625,                 0.4234,                0.48222,                0.33158,                 1.0205,                0.84612,                 1.3014,              0.0014029,              0.0014029,              0.0014029
                     11,                0.95463,                 0.7679,                 1.2518,                0.95886,                0.45089,                 0.4857,                0.35256,                0.94144,                0.66737,                 1.2527,              0.0013699,              0.0013699,              0.0013699
                     12,                0.95344,                0.73464,                 1.2622,                0.94406,                0.40213,                0.44013,                0.31771,                 1.0687,                0.92921,                 1.3712,              0.0013369,              0.0013369,              0.0013369
                     13,                0.94399,                0.71208,                 1.2567,                0.97085,                0.44043,                0.47952,                0.36189,                0.96969,                0.69294,                 1.2577,              0.0013039,              0.0013039,              0.0013039
                     14,                0.93802,                0.70369,                 1.2505,                0.96447,                0.41719,                0.44704,                0.32442,                 1.0936,                0.84114,                 1.4624,              0.0012709,              0.0012709,              0.0012709
                     15,                 0.9146,                0.68004,                 1.2235,                0.98412,                0.44894,                0.52513,                0.39462,                0.86374,                0.59926,                 1.1904,              0.0012379,              0.0012379,              0.0012379
                     16,                0.90047,                0.65824,                 1.2141,                0.97381,                0.44681,                0.60261,                0.43522,                 0.9836,                0.62906,                 1.2934,              0.0012049,              0.0012049,              0.0012049
                     17,                0.91373,                 0.6487,                   1.23,                0.97385,                 0.4617,                 0.4963,                0.37487,                0.92911,                0.61109,                 1.2317,              0.0011719,              0.0011719,              0.0011719
                     18,                0.92222,                0.64796,                 1.2388,                0.96458,                0.44255,                0.46912,                0.34516,                  1.008,                0.73018,                 1.3365,              0.0011389,              0.0011389,              0.0011389
                     19,                0.86273,                0.61264,                 1.1718,                0.98147,                0.44215,                0.48328,                0.36568,                0.89981,                0.59018,                 1.2275,              0.0011059,              0.0011059,              0.0011059
                     20,                0.86606,                0.61688,                 1.1978,                0.98081,                0.44255,                0.47501,                0.35486,                0.95896,                0.58698,                 1.3075,              0.0010729,              0.0010729,              0.0010729
                     21,                0.83938,                0.58572,                 1.1876,                0.98333,                0.45106,                0.49811,                0.37888,                0.89638,                0.60314,                  1.236,              0.0010399,              0.0010399,              0.0010399
                     22,                0.82963,                0.57654,                  1.169,                0.97577,                0.45106,                0.48405,                0.36968,                0.87576,                 0.5526,                 1.2098,              0.0010069,              0.0010069,              0.0010069
                      1,                 1.0353,                 1.8401,                 1.3414,                0.92363,                0.37448,                0.41542,                0.29556,                 1.0748,                 1.7718,                 1.4466,             0.00054641,             0.00054641,             0.00054641
                      2,                  1.063,                 1.2721,                   1.34,                0.86467,                0.32697,                0.35664,                0.22736,                 1.1942,                 1.7873,                 1.6156,              0.0010803,              0.0010803,              0.0010803
                      3,                 1.0709,                 1.1648,                  1.348,                0.83243,                0.30962,                0.33757,                0.18963,                 1.3933,                 2.1404,                  1.787,              0.0015921,              0.0015921,              0.0015921
                      4,                  1.121,                 1.0936,                 1.3558,                0.90315,                0.42887,                0.43302,                0.29773,                 1.0615,                 1.6142,                 1.4179,               0.001568,               0.001568,               0.001568
                      5,                  1.102,                  1.047,                 1.3595,                0.93649,                0.40167,                0.44288,                0.28477,                 1.2077,                 1.1449,                 1.5293,               0.001568,               0.001568,               0.001568
                      6,                 1.0458,                0.92794,                 1.3236,                0.91313,                0.39121,                0.42985,                0.27403,                 1.1776,                 1.1609,                 1.4456,               0.001535,               0.001535,               0.001535
                      7,                 1.0573,                0.86921,                 1.3226,                 0.9183,                0.41004,                0.44509,                0.30996,                 1.1366,                0.94191,                 1.4423,               0.001502,               0.001502,               0.001502
                      8,                 1.0222,                0.82485,                 1.2994,                0.95234,                0.43684,                0.47106,                0.33544,                0.98314,                0.80376,                 1.3189,               0.001469,               0.001469,               0.001469
                      9,                0.98455,                0.76112,                 1.2771,                 0.9459,                0.41423,                0.47757,                0.34822,                0.99758,                0.75329,                 1.2966,               0.001436,               0.001436,               0.001436
                     10,                0.96556,                0.76155,                 1.2678,                0.94412,                0.41568,                0.53313,                0.37732,                 1.0399,                 0.8172,                 1.3723,              0.0014029,              0.0014029,              0.0014029
                     11,                0.94895,                0.72268,                 1.2472,                0.95907,                0.44578,                0.50084,                0.36768,                 0.9983,                0.74193,                 1.3068,              0.0013699,              0.0013699,              0.0013699
                     12,                0.93219,                0.71038,                 1.2412,                0.95424,                0.43305,                0.46565,                0.34855,                0.92467,                 0.7075,                 1.2511,              0.0013369,              0.0013369,              0.0013369
                     13,                0.91541,                0.69947,                 1.2314,                0.94851,                0.43737,                0.96652,                0.75504,                0.89416,                0.66811,                 1.2151,              0.0013039,              0.0013039,              0.0013039
                     14,                0.91449,                0.67504,                 1.2378,                0.97665,                0.42714,                0.47983,                0.36891,                0.89702,                0.63227,                 1.2426,              0.0012709,              0.0012709,              0.0012709
                     15,                0.91992,                0.68504,                  1.223,                0.97089,                0.43995,                0.48987,                0.37304,                0.89138,                0.62747,                 1.2221,              0.0012379,              0.0012379,              0.0012379
                     16,                0.87576,                0.63903,                 1.2031,                 0.9817,                0.45397,                0.98159,                0.76098,                0.93403,                0.62403,                 1.2504,              0.0012049,              0.0012049,              0.0012049
                     17,                0.88522,                0.64744,                 1.2028,                0.96968,                0.45375,                0.47722,                0.36282,                0.90663,                0.59672,                  1.236,              0.0011719,              0.0011719,              0.0011719
                     18,                0.85716,                0.60546,                 1.1997,                0.97969,                 0.4448,                0.47897,                0.36644,                0.87067,                0.57358,                 1.2167,              0.0011389,              0.0011389,              0.0011389
                     19,                0.83722,                0.59914,                 1.1885,                0.97735,                0.45188,                 0.5619,                0.42434,                0.84523,                0.56683,                 1.1899,              0.0011059,              0.0011059,              0.0011059
                     20,                0.83981,                0.60251,                 1.1776,                0.97622,                0.46075,                0.49571,                0.38042,                0.88376,                0.54616,                 1.2178,              0.0010729,              0.0010729,              0.0010729
                     21,                0.84019,                0.58062,                 1.1768,                0.97564,                0.46862,                0.49883,                0.37851,                0.86439,                0.55116,                 1.1942,              0.0010399,              0.0010399,              0.0010399
                     22,                0.83568,                  0.573,                 1.1794,                0.98823,                  0.434,                0.51371,                0.37854,                0.95357,                0.59137,                  1.271,              0.0010069,              0.0010069,              0.0010069
                     23,                0.81983,                0.58032,                  1.161,                0.98038,                0.43724,                0.57795,                0.42852,                0.89991,                0.55707,                 1.2459,             0.00097386,             0.00097386,             0.00097386
                     24,                0.80996,                 0.5603,                 1.1559,                 0.9747,                0.44561,                0.60395,                0.47531,                0.80669,                0.53947,                 1.1684,             0.00094085,             0.00094085,             0.00094085
                     25,                0.77783,                0.53029,                 1.1404,                0.98453,                0.45868,                0.52581,                  0.405,                 0.8565,                0.52361,                 1.1767,             0.00090785,             0.00090785,             0.00090785
                     26,                0.78227,                0.54507,                  1.141,                0.97742,                0.44225,                0.97278,                0.70653,                0.90629,                0.55875,                 1.2412,             0.00087484,             0.00087484,             0.00087484
                     27,                0.74976,                0.52635,                 1.1299,                0.97397,                 0.4749,                0.73902,                0.55878,                0.79598,                0.48065,                 1.1456,             0.00084184,             0.00084184,             0.00084184
                     28,                0.77314,                0.53131,                   1.15,                0.98341,                 0.4477,                0.58019,                0.46906,                0.81755,                0.54138,                 1.1607,             0.00080883,             0.00080883,             0.00080883
                     29,                0.75044,                0.51597,                 1.1381,                0.97426,                0.46261,                0.98064,                   0.68,                0.81239,                0.51306,                 1.1549,             0.00077582,             0.00077582,             0.00077582
                     30,                0.77393,                0.51185,                 1.1304,                0.97454,                0.45188,                0.72816,                0.52935,                0.79977,                0.51807,                 1.1344,             0.00074282,             0.00074282,             0.00074282
                     31,                0.71528,                0.49512,                 1.1063,                0.98234,                0.45719,                0.56134,                0.45658,                0.76893,                0.46406,                 1.1191,             0.00070981,             0.00070981,             0.00070981
                     32,                0.72963,                0.49672,                 1.1136,                0.97859,                0.46761,                0.73462,                0.53499,                0.80229,                0.48433,                 1.1523,              0.0006768,              0.0006768,              0.0006768
                     33,                0.73352,                 0.4966,                  1.108,                0.97678,                0.46025,                 0.5206,                0.42324,                0.76218,                0.47194,                 1.1011,              0.0006438,              0.0006438,              0.0006438
                     34,                0.72037,                0.47474,                 1.0924,                0.93891,                0.47071,                 0.9771,                0.68938,                0.77024,                0.47835,                 1.1153,             0.00061079,             0.00061079,             0.00061079
                     35,                 0.6862,                0.47679,                 1.0995,                0.97225,                 0.4629,                0.97748,                0.78409,                0.77093,                0.49408,                 1.1121,             0.00057778,             0.00057778,             0.00057778
                     36,                0.69504,                0.46027,                  1.097,                0.98245,                0.46013,                0.73247,                0.53551,                0.78595,                0.47251,                 1.1281,             0.00054478,             0.00054478,             0.00054478
                     37,                 0.6638,                0.43711,                 1.0845,                0.99292,                0.45188,                0.98584,                0.59441,                0.76839,                0.45702,                 1.1076,             0.00051177,             0.00051177,             0.00051177
                     38,                0.67453,                0.45272,                 1.0891,                0.98647,                0.45188,                0.97699,                0.74245,                0.74661,                0.51478,                 1.0923,             0.00047876,             0.00047876,             0.00047876
                     39,                0.64633,                0.42177,                 1.0787,                0.93429,                0.46862,                0.97801,                0.83649,                0.74404,                0.48698,                 1.0872,             0.00044576,             0.00044576,             0.00044576
                     40,                0.64921,                0.42869,                 1.0721,                0.93813,                 0.4728,                0.98097,                0.78921,                0.73887,                0.47415,                 1.0775,             0.00041275,             0.00041275,             0.00041275
                     41,                0.57282,                  0.371,                  1.044,                0.90355,                0.47908,                0.73194,                0.58904,                0.74839,                0.44602,                 1.0976,             0.00037974,             0.00037974,             0.00037974
                     42,                0.57373,                0.35637,                 1.0557,                0.97888,                0.45607,                0.58214,                0.47613,                0.75936,                0.46499,                 1.0996,             0.00034674,             0.00034674,             0.00034674
                     43,                0.55087,                0.33515,                 1.0338,                0.83926,                 0.9728,                0.98104,                0.79916,                0.72779,                0.43843,                 1.0801,             0.00031373,             0.00031373,             0.00031373
                     44,                0.53019,                0.32526,                  1.022,                0.78732,                 0.9728,                0.98089,                0.79106,                0.74612,                0.43765,                 1.0903,             0.00028072,             0.00028072,             0.00028072
                     45,                0.52101,                 0.3139,                 1.0153,                0.77896,                 0.9728,                0.97843,                0.84186,                0.72598,                0.44499,                 1.0808,             0.00024772,             0.00024772,             0.00024772
                     46,                0.51158,                0.31008,                 1.0078,                0.91931,                 0.4749,                0.98036,                0.74664,                0.73881,                0.43534,                 1.0798,             0.00021471,             0.00021471,             0.00021471
                     47,                0.50162,                0.31051,                 1.0044,                0.51023,                0.59942,                0.73269,                0.59661,                0.74196,                0.44847,                 1.0828,              0.0001817,              0.0001817,              0.0001817
                     48,                0.49041,                0.30581,                0.99376,                0.94767,                 0.4728,                0.73178,                0.59755,                0.73639,                0.43128,                 1.0846,              0.0001487,              0.0001487,              0.0001487
                     49,                0.46672,                0.28561,                0.98022,                 0.7554,                 0.9728,                0.97983,                0.80184,                0.71898,                0.42765,                 1.0715,             0.00011569,             0.00011569,             0.00011569
                     50,                 0.4652,                0.28092,                0.96842,                0.68552,                 0.9728,                0.98077,                0.79769,                0.73202,                  0.435,                 1.0777,             8.2683e-05,             8.2683e-05,             8.2683e-05
                      1,                 1.0167,                  1.807,                 1.3322,                0.94289,                0.32447,                0.39417,                 0.2907,                 1.0249,                 1.9613,                 1.3623,             0.00054656,             0.00054656,             0.00054656
                      2,                 1.0538,                 1.2594,                 1.3358,                0.92296,                0.35983,                0.40049,                0.27966,                 1.1786,                 1.6521,                 1.5417,               0.001084,               0.001084,               0.001084
                      3,                 1.0666,                  1.171,                 1.3416,                0.91904,                0.38285,                0.41607,                0.26509,                 1.2893,                 1.3811,                 1.6236,              0.0016032,              0.0016032,              0.0016032
                      4,                 1.0674,                 1.0756,                 1.3417,                0.94401,                0.39816,                0.45526,                0.30523,                 1.1161,                 1.2305,                 1.4465,              0.0015845,              0.0015845,              0.0015845
                      5,                 1.0359,                0.95361,                 1.3105,                0.94509,                0.39004,                 0.4385,                0.23348,                 1.4793,                 1.2701,                 1.7902,              0.0015845,              0.0015845,              0.0015845
                      6,                 1.0479,                0.92043,                 1.3186,                0.93697,                0.39156,                0.44187,                0.31319,                 1.0368,                 1.2319,                 1.3599,               0.001557,               0.001557,               0.001557
                      7,                 1.0278,                0.88833,                 1.2942,                0.89633,                0.38075,                0.44774,                0.30565,                 1.0985,                 1.3346,                  1.402,              0.0015295,              0.0015295,              0.0015295
                      8,                 1.0059,                0.82044,                 1.2743,                0.93314,                0.41632,                0.46689,                0.33358,                 1.0897,                0.87049,                 1.3727,               0.001502,               0.001502,               0.001502
                      9,                 0.9932,                0.79776,                 1.2746,                0.95631,                0.42469,                0.47208,                0.34005,                0.93893,                0.76511,                 1.2979,              0.0014745,              0.0014745,              0.0014745
                     10,                 0.9749,                0.75342,                 1.2578,                0.95714,                0.45607,                0.47774,                0.35374,                0.91252,                0.68275,                  1.258,               0.001447,               0.001447,               0.001447
                     11,                0.96481,                0.74565,                 1.2672,                0.96788,                0.45712,                0.47761,                0.35129,                 0.9447,                0.65526,                 1.2579,              0.0014195,              0.0014195,              0.0014195
                     12,                0.92787,                0.71008,                 1.2568,                0.96589,                0.42469,                0.46983,                0.33772,                0.99996,                0.75432,                   1.33,              0.0013919,              0.0013919,              0.0013919
                     13,                0.91058,                0.69029,                 1.2209,                0.97581,                0.45258,                0.48232,                0.35422,                0.91802,                0.62307,                 1.2569,              0.0013644,              0.0013644,              0.0013644
                     14,                0.91605,                0.69667,                 1.2264,                0.95196,                0.46025,                0.48027,                0.36061,                0.90183,                0.64754,                 1.2331,              0.0013369,              0.0013369,              0.0013369
                     15,                0.90538,                0.67236,                 1.2107,                0.97419,                0.44142,                0.47338,                0.35223,                0.90507,                0.62529,                 1.2309,              0.0013094,              0.0013094,              0.0013094
                     16,                0.88039,                0.65063,                 1.2121,                0.96959,                0.45235,                0.48384,                 0.3655,                0.88605,                0.65011,                 1.2081,              0.0012819,              0.0012819,              0.0012819
                     17,                0.87048,                0.62842,                 1.2033,                0.97085,                0.43724,                0.47787,                0.36063,                0.92388,                0.64295,                 1.2492,              0.0012544,              0.0012544,              0.0012544
                     18,                0.86389,                0.60502,                 1.1948,                0.97463,                0.44979,                0.51016,                0.38205,                 0.9051,                0.58034,                 1.2274,              0.0012269,              0.0012269,              0.0012269
                     19,                0.84737,                0.59968,                 1.1922,                0.98634,                0.44979,                  0.477,                0.35641,                0.94013,                0.60469,                 1.2626,              0.0011994,              0.0011994,              0.0011994
                     20,                0.85154,                0.60118,                 1.1869,                0.97976,                0.44635,                 0.4814,                0.36046,                0.91116,                0.56864,                 1.2364,              0.0011719,              0.0011719,              0.0011719
                     21,                0.86621,                0.61707,                 1.1909,                0.97085,                0.44142,                0.47485,                0.36496,                0.86954,                0.60455,                 1.1948,              0.0011444,              0.0011444,              0.0011444
                     22,                0.85192,                 0.5901,                 1.1991,                0.99605,                0.43933,                0.50506,                0.39387,                0.85652,                0.57137,                  1.222,              0.0011169,              0.0011169,              0.0011169
                     23,                0.82365,                0.58508,                 1.1638,                0.97953,                0.43933,                0.72575,                0.55978,                0.88611,                0.55286,                 1.2064,              0.0010894,              0.0010894,              0.0010894
                     24,                0.81514,                0.57414,                 1.1617,                0.98601,                0.43612,                0.50686,                0.40556,                0.86138,                0.59007,                  1.208,              0.0010619,              0.0010619,              0.0010619
                     25,                0.79799,                0.55303,                 1.1626,                0.98457,                0.45978,                0.48587,                0.37757,                0.85906,                0.55575,                 1.1922,              0.0010344,              0.0010344,              0.0010344
                     26,                0.80752,                0.55527,                 1.1689,                0.99107,                0.46011,                0.50034,                 0.3888,                0.83164,                0.50256,                 1.1623,              0.0010069,              0.0010069,              0.0010069
                     27,                 0.7712,                0.52707,                 1.1438,                0.97666,                0.47008,                0.98469,                0.68283,                0.79181,                 0.4808,                 1.1365,             0.00097936,             0.00097936,             0.00097936
                     28,                0.77836,                0.53111,                 1.1493,                 0.9829,                0.44979,                0.73347,                0.58132,                0.82521,                0.49778,                 1.1533,             0.00095186,             0.00095186,             0.00095186
                     29,                0.77733,                0.52461,                 1.1467,                0.98006,                0.45328,                0.97428,                0.72603,                0.82546,                0.52947,                 1.1525,             0.00092435,             0.00092435,             0.00092435
                     30,                0.77734,                0.51841,                 1.1361,                0.99176,                0.44561,                0.97149,                0.77255,                0.80995,                0.51702,                 1.1447,             0.00089685,             0.00089685,             0.00089685
                     31,                0.75241,                 0.4925,                 1.1311,                0.99075,                0.44419,                0.64313,                0.52095,                0.81987,                0.52143,                 1.1429,             0.00086934,             0.00086934,             0.00086934
                     32,                0.75455,                0.50108,                 1.1269,                0.98034,                0.46005,                0.51793,                0.41685,                0.81916,                0.50382,                 1.1561,             0.00084184,             0.00084184,             0.00084184
                     33,                0.72567,                0.48258,                 1.1029,                 0.9874,                0.46025,                0.64699,                0.52905,                0.80334,                0.50036,                 1.1495,             0.00081433,             0.00081433,             0.00081433
                     34,                0.73379,                0.49404,                 1.1188,                0.98781,                0.44979,                0.73206,                0.58485,                0.80565,                0.49619,                 1.1449,             0.00078682,             0.00078682,             0.00078682
                     35,                0.72511,                0.49284,                 1.1157,                0.98613,                0.43982,                 0.9688,                0.77346,                0.81469,                  0.536,                  1.146,             0.00075932,             0.00075932,             0.00075932
                     36,                0.70049,                0.45731,                 1.1032,                0.99082,                0.44741,                0.50331,                 0.3973,                0.82331,                0.49979,                 1.1667,             0.00073181,             0.00073181,             0.00073181
                     37,                0.71066,                 0.4712,                 1.1079,                0.99069,                0.45397,                0.97024,                0.77795,                0.77495,                0.50599,                 1.1338,             0.00070431,             0.00070431,             0.00070431
                     38,                0.71776,                0.46259,                 1.1003,                0.96797,                0.45844,                0.51323,                0.41234,                0.78689,                0.50316,                 1.1278,              0.0006768,              0.0006768,              0.0006768
                     39,                0.68678,                0.45404,                 1.0847,                0.99106,                0.45397,                0.60732,                0.49912,                0.79469,                0.47743,                  1.148,              0.0006493,              0.0006493,              0.0006493
                     40,                0.68777,                0.45437,                 1.0857,                0.98848,                0.44359,                0.96977,                 0.8306,                0.78206,                0.49983,                 1.1265,             0.00062179,             0.00062179,             0.00062179
                     41,                0.67422,                 0.4525,                 1.0888,                 0.9739,                0.45588,                 0.7327,                0.60898,                0.77924,                0.45735,                 1.1043,             0.00059429,             0.00059429,             0.00059429
                     42,                0.66991,                0.43973,                 1.0777,                0.90024,                0.47071,                0.97886,                0.78542,                0.76698,                0.47539,                 1.1101,             0.00056678,             0.00056678,             0.00056678
                     43,                0.67269,                0.42507,                 1.0893,                0.98461,                0.43515,                 0.9706,                0.82766,                0.76247,                0.51897,                 1.0955,             0.00053927,             0.00053927,             0.00053927
                     44,                0.66547,                0.42453,                 1.0661,                0.97633,                0.45397,                0.71924,                0.60851,                0.77224,                0.49537,                 1.1203,             0.00051177,             0.00051177,             0.00051177
                     45,                0.64085,                0.41582,                  1.069,                 0.9849,                0.43096,                0.59207,                0.47548,                0.78974,                0.50776,                 1.1356,             0.00048426,             0.00048426,             0.00048426
                     46,                0.62631,                0.40214,                 1.0533,                0.91892,                 0.4728,                0.97802,                0.78781,                0.77392,                0.47815,                 1.1243,             0.00045676,             0.00045676,             0.00045676
                     47,                0.64009,                 0.4171,                  1.075,                0.91355,                0.97071,                0.97612,                0.78608,                0.75532,                0.46983,                 1.1165,             0.00042925,             0.00042925,             0.00042925
                     48,                0.63171,                0.41521,                 1.0669,                0.94995,                0.46444,                0.97355,                0.79062,                 0.7416,                0.47861,                 1.1031,             0.00040175,             0.00040175,             0.00040175
                     49,                0.59136,                0.39978,                 1.0476,                0.91654,                0.46653,                0.96794,                0.78063,                0.76547,                 0.4838,                 1.1231,             0.00037424,             0.00037424,             0.00037424
                     50,                0.62244,                 0.4063,                 1.0654,                0.89907,                0.97071,                0.97435,                0.83205,                0.73323,                0.45686,                 1.0923,             0.00034674,             0.00034674,             0.00034674
                     51,                0.52702,                 0.3341,                 1.0114,                0.90989,                0.46862,                 0.9767,                 0.8401,                 0.7568,                0.45224,                 1.0999,             0.00031923,             0.00031923,             0.00031923
                     52,                0.51876,                 0.3103,                 1.0107,                0.98865,                0.45025,                 0.7256,                0.62017,                0.74644,                0.43887,                 1.0927,             0.00029172,             0.00029172,             0.00029172
                     53,                0.50229,                 0.3038,                0.99827,                0.82482,                0.96444,                0.97271,                0.79073,                0.75795,                0.43837,                 1.1119,             0.00026422,             0.00026422,             0.00026422
                     54,                0.48824,                 0.2956,                0.98534,                0.77361,                 0.9728,                0.98093,                0.84688,                0.74031,                0.42301,                 1.0787,             0.00023671,             0.00023671,             0.00023671
                     55,                0.47878,                0.29016,                0.97927,                0.79065,                0.97071,                0.97855,                0.79884,                0.73816,                0.42882,                 1.0847,             0.00020921,             0.00020921,             0.00020921
                     56,                0.46776,                0.28647,                0.98198,                 0.8075,                0.97071,                0.97989,                0.85105,                0.72678,                0.41119,                 1.0773,              0.0001817,              0.0001817,              0.0001817
                     57,                0.46188,                0.27692,                0.96612,                  0.845,                 0.9728,                0.98011,                0.85155,                0.73661,                0.40694,                 1.0829,              0.0001542,              0.0001542,              0.0001542
                     58,                0.44842,                0.27142,                0.96251,                0.84992,                0.96862,                0.97916,                0.84846,                0.73632,                0.41136,                 1.0841,             0.00012669,             0.00012669,             0.00012669
                     59,                0.44082,                0.26681,                 0.9626,                0.85965,                0.96444,                0.97583,                0.85095,                0.71646,                0.40894,                 1.0707,             9.9187e-05,             9.9187e-05,             9.9187e-05
                     60,                0.43991,                0.26553,                0.95669,                 0.8808,                0.96653,                0.97442,                0.84862,                0.72525,                0.41062,                 1.0803,             7.1681e-05,             7.1681e-05,             7.1681e-05
                      1,                 1.0167,                  1.807,                 1.3322,                0.94289,                0.32447,                0.39417,                 0.2907,                 1.0249,                 1.9613,                 1.3623,             0.00054656,             0.00054656,             0.00054656
                      2,                 1.0443,                 1.2611,                 1.3286,                0.85643,                0.28452,                0.33435,                0.21614,                 1.3082,                 2.2083,                 1.7978,              0.0010913,              0.0010913,              0.0010913
                      3,                 1.0851,                 1.1803,                 1.3559,                0.89368,                0.35774,                0.40702,                0.26613,                 1.1825,                 1.4486,                 1.5238,              0.0016251,              0.0016251,              0.0016251
                      4,                 1.0851,                 1.0686,                 1.3593,                 0.8288,                0.29079,                0.32021,                0.19612,                  1.367,                 1.7419,                 1.6742,              0.0016175,              0.0016175,              0.0016175
                      5,                 1.0428,                0.97738,                 1.3212,                0.90239,                0.39958,                0.41623,                 0.2894,                 1.1398,                 1.1256,                 1.4314,              0.0016175,              0.0016175,              0.0016175
                      6,                 1.0613,                 0.9386,                 1.3379,                0.82327,                0.33264,                0.34125,                0.17756,                 1.4215,                 1.4823,                 1.6242,               0.001601,               0.001601,               0.001601
                      7,                 1.0394,                0.89427,                 1.3109,                0.96557,                0.41213,                0.47243,                0.33168,                 1.0533,                0.82114,                 1.3647,              0.0015845,              0.0015845,              0.0015845
                      8,                 1.0174,                0.84105,                 1.2884,                0.96737,                0.41956,                0.46715,                0.34138,                0.98174,                0.80465,                  1.296,               0.001568,               0.001568,               0.001568
                      9,                 1.0193,                0.83388,                 1.2995,                  0.983,                0.43933,                0.47549,                 0.3552,                0.91626,                0.72423,                 1.2441,              0.0015515,              0.0015515,              0.0015515
                     10,                0.97177,                0.74746,                 1.2637,                0.96753,                 0.4477,                0.50954,                0.36005,                0.98934,                0.70027,                    1.3,               0.001535,               0.001535,               0.001535
                     11,                0.97695,                0.73587,                 1.2695,                0.96111,                0.45816,                0.48426,                0.36271,                0.89319,                0.63676,                  1.227,              0.0015185,              0.0015185,              0.0015185
                     12,                0.93354,                0.71276,                 1.2573,                0.96851,                0.43572,                0.47074,                0.35128,                 0.9268,                0.69634,                 1.2451,               0.001502,               0.001502,               0.001502
                     13,                0.92372,                0.68811,                 1.2277,                0.96378,                0.42861,                0.46569,                0.34811,                 0.9512,                0.70087,                 1.2915,              0.0014855,              0.0014855,              0.0014855
                     14,                0.94601,                0.71561,                 1.2413,                  0.957,                0.44468,                0.48175,                0.36427,                0.92845,                0.59766,                 1.2466,               0.001469,               0.001469,               0.001469
                     15,                0.92118,                0.68304,                 1.2223,                0.96594,                0.43515,                0.46943,                0.34099,                 0.9524,                0.68448,                 1.2976,              0.0014525,              0.0014525,              0.0014525
                     16,                0.89368,                 0.6644,                 1.2303,                0.97299,                0.43305,                0.47972,                0.36109,                0.93596,                0.62525,                 1.2719,               0.001436,               0.001436,               0.001436
                     17,                 0.8859,                0.65566,                 1.2124,                 0.9691,                0.44459,                0.48577,                0.36917,                0.89396,                0.60965,                 1.2251,              0.0014195,              0.0014195,              0.0014195
                     18,                0.86981,                0.62925,                 1.2027,                0.96334,                0.44351,                0.48262,                0.35622,                0.91847,                0.63024,                 1.2451,              0.0014029,              0.0014029,              0.0014029
                     19,                0.86052,                0.60643,                 1.2049,                0.96487,                0.44561,                0.48985,                0.35315,                0.95296,                0.62927,                 1.2979,              0.0013864,              0.0013864,              0.0013864
                     20,                0.88218,                 0.6341,                 1.2061,                0.97293,                0.44561,                0.48178,                0.36469,                0.87838,                 0.5681,                 1.2083,              0.0013699,              0.0013699,              0.0013699
                     21,                0.87225,                 0.6349,                 1.1935,                0.97731,                0.45607,                0.72527,                 0.4838,                0.94479,                 0.5738,                 1.2691,              0.0013534,              0.0013534,              0.0013534
                     22,                0.86641,                0.60333,                 1.2005,                0.97339,                0.46025,                0.50062,                 0.3855,                 0.8699,                 0.5561,                 1.2198,              0.0013369,              0.0013369,              0.0013369
                     23,                0.84714,                  0.614,                 1.1836,                 0.9766,                0.46025,                0.97564,                0.81774,                  0.863,                0.55722,                 1.1832,              0.0013204,              0.0013204,              0.0013204
                     24,                 0.8351,                0.58624,                 1.1785,                0.96913,                0.45607,                0.52232,                0.38485,                0.86155,                0.56359,                 1.1915,              0.0013039,              0.0013039,              0.0013039
                     25,                0.81561,                 0.5657,                 1.1721,                0.96518,                 0.4477,                0.47113,                0.36419,                0.88006,                0.62161,                 1.2094,              0.0012874,              0.0012874,              0.0012874
                     26,                0.83738,                0.58632,                 1.1854,                0.98339,                0.44351,                0.56715,                0.42775,                0.86598,                0.61168,                 1.2062,              0.0012709,              0.0012709,              0.0012709
                     27,                0.81109,                0.55863,                 1.1598,                0.67024,                0.98117,                0.97744,                0.67821,                0.82365,                0.53717,                 1.1561,              0.0012544,              0.0012544,              0.0012544
                     28,                 0.8099,                0.56382,                 1.1676,                0.98103,                0.45188,                 0.6038,                0.48156,                0.83957,                0.52245,                  1.178,              0.0012379,              0.0012379,              0.0012379
                     29,                0.79976,                 0.5632,                 1.1627,                0.98641,                0.44921,                0.53742,                0.40729,                0.87497,                0.56172,                 1.1843,              0.0012214,              0.0012214,              0.0012214
                     30,                 0.7975,                0.54356,                 1.1476,                0.97725,                0.45188,                0.47856,                0.37262,                0.85456,                0.56535,                 1.1627,              0.0012049,              0.0012049,              0.0012049
                     31,                0.79297,                0.51771,                 1.1498,                0.99233,                0.46025,                0.98048,                0.83091,                0.81632,                0.50502,                 1.1321,              0.0011884,              0.0011884,              0.0011884
                     32,                0.79858,                0.53583,                 1.1525,                0.53855,                0.76218,                0.72687,                0.43103,                 0.8375,                0.55032,                 1.1731,              0.0011719,              0.0011719,              0.0011719
                     33,                0.75737,                0.52201,                 1.1207,                0.98451,                0.45811,                0.73004,                0.55094,                0.78947,                0.52438,                  1.135,              0.0011554,              0.0011554,              0.0011554
                     34,                0.76891,                0.52908,                 1.1429,                0.65294,                0.96862,                0.97119,                0.77453,                0.82226,                0.53661,                  1.169,              0.0011389,              0.0011389,              0.0011389
                     35,                0.78534,                0.53783,                 1.1509,                0.54805,                 0.9728,                0.72972,                0.50347,                0.81289,                0.49451,                 1.1614,              0.0011224,              0.0011224,              0.0011224
                     36,                0.74746,                0.49928,                 1.1353,                 0.5713,                0.88135,                0.72992,                0.55182,                0.80078,                0.48992,                 1.1603,              0.0011059,              0.0011059,              0.0011059
                     37,                0.76138,                0.51701,                 1.1361,                0.45691,                0.69341,                0.72431,                0.57044,                0.84557,                 0.4984,                  1.189,              0.0010894,              0.0010894,              0.0010894
                     38,                 0.7734,                0.51093,                 1.1329,                0.98862,                0.44923,                 0.5815,                0.46169,                0.79254,                0.51303,                 1.1396,              0.0010729,              0.0010729,              0.0010729
                     39,                0.73629,                0.49212,                 1.1116,                0.98619,                0.44194,                0.72205,                0.57357,                0.84443,                0.56332,                 1.1682,              0.0010564,              0.0010564,              0.0010564
                     40,                0.75377,                0.49968,                  1.125,                0.99534,                0.44438,                0.64145,                0.51561,                0.77892,                0.49541,                  1.112,              0.0010399,              0.0010399,              0.0010399
                     41,                0.72074,                 0.4816,                 1.1176,                0.65225,                0.94561,                0.70356,                0.57502,                0.86037,                0.59439,                 1.2173,              0.0010234,              0.0010234,              0.0010234
                     42,                0.71918,                  0.488,                 1.1083,                 0.7687,                0.97071,                0.97274,                0.67927,                0.82711,                0.47029,                 1.1697,              0.0010069,              0.0010069,              0.0010069
                     43,                0.72847,                0.47506,                 1.1225,                0.97445,                0.44979,                0.52812,                0.41634,                0.82502,                0.52855,                 1.1616,             0.00099036,             0.00099036,             0.00099036
                     44,                0.72205,                0.47333,                 1.1023,                0.98435,                0.45334,                0.65115,                0.52029,                0.77823,                0.46642,                 1.1272,             0.00097386,             0.00097386,             0.00097386
                     45,                0.68906,                0.46092,                  1.096,                  0.927,                0.46234,                0.71764,                0.54687,                0.79848,                0.52112,                 1.1429,             0.00095736,             0.00095736,             0.00095736
                     46,                 0.6899,                0.44647,                   1.09,                0.83377,                0.96025,                0.97702,                0.78207,                0.81002,                0.50993,                 1.1284,             0.00094085,             0.00094085,             0.00094085
                     47,                0.71394,                0.47101,                 1.1154,                0.81572,                0.96862,                0.97716,                0.73268,                0.79752,                0.49559,                 1.1436,             0.00092435,             0.00092435,             0.00092435
                     48,                0.71526,                0.47207,                 1.1054,                0.89577,                0.96653,                0.97687,                0.78458,                0.73287,                0.45457,                 1.0893,             0.00090785,             0.00090785,             0.00090785
                     49,                0.66396,                0.45191,                 1.0842,                0.84258,                 0.9499,                0.97593,                0.72936,                0.78625,                 0.5021,                 1.1289,             0.00089134,             0.00089134,             0.00089134
                     50,                0.69089,                0.45231,                 1.1007,                0.87349,                0.95483,                  0.973,                0.77625,                0.75814,                0.48666,                 1.1031,             0.00087484,             0.00087484,             0.00087484
                     51,                0.67916,                0.44216,                 1.0875,                0.94852,                0.95607,                0.97664,                0.72913,                0.79129,                0.48403,                 1.1196,             0.00085834,             0.00085834,             0.00085834
                      1,                 1.0167,                  1.807,                 1.3322,                0.94289,                0.32447,                0.39417,                 0.2907,                 1.0249,                 1.9613,                 1.3623,             0.00054656,             0.00054656,             0.00054656
                      2,                 1.0538,                 1.2594,                 1.3358,                0.92296,                0.35983,                0.40049,                0.27966,                 1.1786,                 1.6521,                 1.5417,               0.001084,               0.001084,               0.001084
                      3,                 1.0666,                  1.171,                 1.3416,                0.91904,                0.38285,                0.41607,                0.26509,                 1.2893,                 1.3811,                 1.6236,              0.0016032,              0.0016032,              0.0016032
                      4,                 1.0674,                 1.0756,                 1.3417,                0.94401,                0.39816,                0.45526,                0.30523,                 1.1161,                 1.2305,                 1.4465,              0.0015845,              0.0015845,              0.0015845
                      5,                 1.0359,                0.95361,                 1.3105,                0.94509,                0.39004,                 0.4385,                0.23348,                 1.4793,                 1.2701,                 1.7902,              0.0015845,              0.0015845,              0.0015845
                      6,                 1.0479,                0.92043,                 1.3186,                0.93697,                0.39156,                0.44187,                0.31319,                 1.0368,                 1.2319,                 1.3599,               0.001557,               0.001557,               0.001557
                      7,                 1.0278,                0.88833,                 1.2942,                0.89633,                0.38075,                0.44774,                0.30565,                 1.0985,                 1.3346,                  1.402,              0.0015295,              0.0015295,              0.0015295
                      8,                 1.0059,                0.82044,                 1.2743,                0.93314,                0.41632,                0.46689,                0.33358,                 1.0897,                0.87049,                 1.3727,               0.001502,               0.001502,               0.001502
                      9,                 0.9932,                0.79776,                 1.2746,                0.95631,                0.42469,                0.47208,                0.34005,                0.93893,                0.76511,                 1.2979,              0.0014745,              0.0014745,              0.0014745
                     10,                 0.9749,                0.75342,                 1.2578,                0.95714,                0.45607,                0.47774,                0.35374,                0.91252,                0.68275,                  1.258,               0.001447,               0.001447,               0.001447
                     11,                0.96481,                0.74565,                 1.2672,                0.96788,                0.45712,                0.47761,                0.35129,                 0.9447,                0.65526,                 1.2579,              0.0014195,              0.0014195,              0.0014195
                     12,                0.92787,                0.71008,                 1.2568,                0.96589,                0.42469,                0.46983,                0.33772,                0.99996,                0.75432,                   1.33,              0.0013919,              0.0013919,              0.0013919
                     13,                0.91058,                0.69029,                 1.2209,                0.97581,                0.45258,                0.48232,                0.35422,                0.91802,                0.62307,                 1.2569,              0.0013644,              0.0013644,              0.0013644
                     14,                0.91605,                0.69667,                 1.2264,                0.95196,                0.46025,                0.48027,                0.36061,                0.90183,                0.64754,                 1.2331,              0.0013369,              0.0013369,              0.0013369
                     15,                0.90538,                0.67236,                 1.2107,                0.97419,                0.44142,                0.47338,                0.35223,                0.90507,                0.62529,                 1.2309,              0.0013094,              0.0013094,              0.0013094
                     16,                0.88039,                0.65063,                 1.2121,                0.96959,                0.45235,                0.48384,                 0.3655,                0.88605,                0.65011,                 1.2081,              0.0012819,              0.0012819,              0.0012819
                     17,                0.87048,                0.62842,                 1.2033,                0.97085,                0.43724,                0.47787,                0.36063,                0.92388,                0.64295,                 1.2492,              0.0012544,              0.0012544,              0.0012544
                     18,                0.86389,                0.60502,                 1.1948,                0.97463,                0.44979,                0.51016,                0.38205,                 0.9051,                0.58034,                 1.2274,              0.0012269,              0.0012269,              0.0012269
                     19,                0.84737,                0.59968,                 1.1922,                0.98634,                0.44979,                  0.477,                0.35641,                0.94013,                0.60469,                 1.2626,              0.0011994,              0.0011994,              0.0011994
                     20,                0.85154,                0.60118,                 1.1869,                0.97976,                0.44635,                 0.4814,                0.36046,                0.91116,                0.56864,                 1.2364,              0.0011719,              0.0011719,              0.0011719
                     21,                0.86621,                0.61707,                 1.1909,                0.97085,                0.44142,                0.47485,                0.36496,                0.86954,                0.60455,                 1.1948,              0.0011444,              0.0011444,              0.0011444
                     22,                0.85192,                 0.5901,                 1.1991,                0.99605,                0.43933,                0.50506,                0.39387,                0.85652,                0.57137,                  1.222,              0.0011169,              0.0011169,              0.0011169
                     23,                0.82365,                0.58508,                 1.1638,                0.97953,                0.43933,                0.72575,                0.55978,                0.88611,                0.55286,                 1.2064,              0.0010894,              0.0010894,              0.0010894
                     24,                0.81514,                0.57414,                 1.1617,                0.98601,                0.43612,                0.50686,                0.40556,                0.86138,                0.59007,                  1.208,              0.0010619,              0.0010619,              0.0010619
                     25,                0.79799,                0.55303,                 1.1626,                0.98457,                0.45978,                0.48587,                0.37757,                0.85906,                0.55575,                 1.1922,              0.0010344,              0.0010344,              0.0010344
                     26,                0.80752,                0.55527,                 1.1689,                0.99107,                0.46011,                0.50034,                 0.3888,                0.83164,                0.50256,                 1.1623,              0.0010069,              0.0010069,              0.0010069
                     27,                 0.7712,                0.52707,                 1.1438,                0.97666,                0.47008,                0.98469,                0.68283,                0.79181,                 0.4808,                 1.1365,             0.00097936,             0.00097936,             0.00097936
                     28,                0.77836,                0.53111,                 1.1493,                 0.9829,                0.44979,                0.73347,                0.58132,                0.82521,                0.49778,                 1.1533,             0.00095186,             0.00095186,             0.00095186
                     29,                0.77733,                0.52461,                 1.1467,                0.98006,                0.45328,                0.97428,                0.72603,                0.82546,                0.52947,                 1.1525,             0.00092435,             0.00092435,             0.00092435
                     30,                0.77734,                0.51841,                 1.1361,                0.99176,                0.44561,                0.97149,                0.77255,                0.80995,                0.51702,                 1.1447,             0.00089685,             0.00089685,             0.00089685
                     31,                0.75241,                 0.4925,                 1.1311,                0.99075,                0.44419,                0.64313,                0.52095,                0.81987,                0.52143,                 1.1429,             0.00086934,             0.00086934,             0.00086934
                     32,                0.75455,                0.50108,                 1.1269,                0.98034,                0.46005,                0.51793,                0.41685,                0.81916,                0.50382,                 1.1561,             0.00084184,             0.00084184,             0.00084184
                     33,                0.72567,                0.48258,                 1.1029,                 0.9874,                0.46025,                0.64699,                0.52905,                0.80334,                0.50036,                 1.1495,             0.00081433,             0.00081433,             0.00081433
                     34,                0.73379,                0.49404,                 1.1188,                0.98781,                0.44979,                0.73206,                0.58485,                0.80565,                0.49619,                 1.1449,             0.00078682,             0.00078682,             0.00078682
                     35,                0.72511,                0.49284,                 1.1157,                0.98613,                0.43982,                 0.9688,                0.77346,                0.81469,                  0.536,                  1.146,             0.00075932,             0.00075932,             0.00075932
                     36,                0.70049,                0.45731,                 1.1032,                0.99082,                0.44741,                0.50331,                 0.3973,                0.82331,                0.49979,                 1.1667,             0.00073181,             0.00073181,             0.00073181
                     37,                0.71066,                 0.4712,                 1.1079,                0.99069,                0.45397,                0.97024,                0.77795,                0.77495,                0.50599,                 1.1338,             0.00070431,             0.00070431,             0.00070431
                     38,                0.71776,                0.46259,                 1.1003,                0.96797,                0.45844,                0.51323,                0.41234,                0.78689,                0.50316,                 1.1278,              0.0006768,              0.0006768,              0.0006768
                     39,                0.68678,                0.45404,                 1.0847,                0.99106,                0.45397,                0.60732,                0.49912,                0.79469,                0.47743,                  1.148,              0.0006493,              0.0006493,              0.0006493
                     40,                0.68777,                0.45437,                 1.0857,                0.98848,                0.44359,                0.96977,                 0.8306,                0.78206,                0.49983,                 1.1265,             0.00062179,             0.00062179,             0.00062179
                     41,                0.67422,                 0.4525,                 1.0888,                 0.9739,                0.45588,                 0.7327,                0.60898,                0.77924,                0.45735,                 1.1043,             0.00059429,             0.00059429,             0.00059429
                     42,                0.66991,                0.43973,                 1.0777,                0.90024,                0.47071,                0.97886,                0.78542,                0.76698,                0.47539,                 1.1101,             0.00056678,             0.00056678,             0.00056678
                     43,                0.67269,                0.42507,                 1.0893,                0.98461,                0.43515,                 0.9706,                0.82766,                0.76247,                0.51897,                 1.0955,             0.00053927,             0.00053927,             0.00053927
                     44,                0.66547,                0.42453,                 1.0661,                0.97633,                0.45397,                0.71924,                0.60851,                0.77224,                0.49537,                 1.1203,             0.00051177,             0.00051177,             0.00051177
                     45,                0.64085,                0.41582,                  1.069,                 0.9849,                0.43096,                0.59207,                0.47548,                0.78974,                0.50776,                 1.1356,             0.00048426,             0.00048426,             0.00048426
                     46,                0.62631,                0.40214,                 1.0533,                0.91892,                 0.4728,                0.97802,                0.78781,                0.77392,                0.47815,                 1.1243,             0.00045676,             0.00045676,             0.00045676
                     47,                0.64009,                 0.4171,                  1.075,                0.91355,                0.97071,                0.97612,                0.78608,                0.75532,                0.46983,                 1.1165,             0.00042925,             0.00042925,             0.00042925
                     48,                0.63171,                0.41521,                 1.0669,                0.94995,                0.46444,                0.97355,                0.79062,                 0.7416,                0.47861,                 1.1031,             0.00040175,             0.00040175,             0.00040175
                     49,                0.59136,                0.39978,                 1.0476,                0.91654,                0.46653,                0.96794,                0.78063,                0.76547,                 0.4838,                 1.1231,             0.00037424,             0.00037424,             0.00037424
                     50,                0.62244,                 0.4063,                 1.0654,                0.89907,                0.97071,                0.97435,                0.83205,                0.73323,                0.45686,                 1.0923,             0.00034674,             0.00034674,             0.00034674
                     51,                0.52702,                 0.3341,                 1.0114,                0.90989,                0.46862,                 0.9767,                 0.8401,                 0.7568,                0.45224,                 1.0999,             0.00031923,             0.00031923,             0.00031923
                     52,                0.51876,                 0.3103,                 1.0107,                0.98865,                0.45025,                 0.7256,                0.62017,                0.74644,                0.43887,                 1.0927,             0.00029172,             0.00029172,             0.00029172
                     53,                0.50229,                 0.3038,                0.99827,                0.82482,                0.96444,                0.97271,                0.79073,                0.75795,                0.43837,                 1.1119,             0.00026422,             0.00026422,             0.00026422
                     54,                0.48824,                 0.2956,                0.98534,                0.77361,                 0.9728,                0.98093,                0.84688,                0.74031,                0.42301,                 1.0787,             0.00023671,             0.00023671,             0.00023671
                     55,                0.47878,                0.29016,                0.97927,                0.79065,                0.97071,                0.97855,                0.79884,                0.73816,                0.42882,                 1.0847,             0.00020921,             0.00020921,             0.00020921
                     56,                0.46776,                0.28647,                0.98198,                 0.8075,                0.97071,                0.97989,                0.85105,                0.72678,                0.41119,                 1.0773,              0.0001817,              0.0001817,              0.0001817
                     57,                0.46188,                0.27692,                0.96612,                  0.845,                 0.9728,                0.98011,                0.85155,                0.73661,                0.40694,                 1.0829,              0.0001542,              0.0001542,              0.0001542
                     58,                0.44842,                0.27142,                0.96251,                0.84992,                0.96862,                0.97916,                0.84846,                0.73632,                0.41136,                 1.0841,             0.00012669,             0.00012669,             0.00012669
                     59,                0.44082,                0.26681,                 0.9626,                0.85965,                0.96444,                0.97583,                0.85095,                0.71646,                0.40894,                 1.0707,             9.9187e-05,             9.9187e-05,             9.9187e-05
                     60,                0.43991,                0.26553,                0.95669,                 0.8808,                0.96653,                0.97442,                0.84862,                0.72525,                0.41062,                 1.0803,             7.1681e-05,             7.1681e-05,             7.1681e-05
                      1,                 1.0605,                  1.851,                 1.3716,                0.94944,                0.35331,                0.42526,                0.27989,                 1.1516,                 1.8737,                 1.4457,             0.00054656,             0.00054656,             0.00054656
                      2,                 1.0334,                 1.2506,                  1.324,                0.94334,                0.34378,                0.40181,                0.27577,                 1.1895,                 1.9792,                 1.5044,               0.001084,               0.001084,               0.001084
                      3,                 1.0803,                 1.1994,                 1.3503,                0.89509,                0.37448,                0.41756,                0.28371,                 1.1658,                 1.5132,                 1.5365,              0.0016032,              0.0016032,              0.0016032
                      4,                 1.0828,                 1.0561,                 1.3438,                0.90355,                0.37448,                0.41585,                0.26908,                 1.2637,                 1.2846,                 1.6183,              0.0015845,              0.0015845,              0.0015845
                      5,                 1.0825,                 1.0011,                 1.3315,                0.95174,                0.42259,                0.46225,                0.32008,                 1.0573,                0.90695,                 1.3679,              0.0015845,              0.0015845,              0.0015845
                      6,                 1.0481,                0.90862,                 1.3175,                0.89472,                0.34519,                0.39437,                0.26899,                 1.1782,                 1.2152,                 1.5035,               0.001557,               0.001557,               0.001557
                      7,                 1.0751,                  0.916,                 1.3442,                0.94203,                0.41213,                 0.4386,                0.30617,                 1.1015,                 1.0272,                  1.422,              0.0015295,              0.0015295,              0.0015295
                      8,                 1.0123,                0.83049,                  1.292,                0.97561,                0.41213,                0.46058,                0.34442,                0.95014,                 0.7811,                 1.2649,               0.001502,               0.001502,               0.001502
                      9,                0.97937,                 0.7468,                 1.2631,                0.96356,                0.42887,                0.47538,                0.35274,                0.91692,                0.71573,                 1.2813,              0.0014745,              0.0014745,              0.0014745
                     10,                0.96765,                0.75718,                  1.274,                0.97242,                0.43002,                0.47638,                0.35073,                0.94886,                0.71933,                 1.2896,               0.001447,               0.001447,               0.001447
                     11,                 0.9528,                0.75592,                 1.2605,                0.95518,                0.44561,                0.48045,                0.33147,                 1.0533,                0.84941,                 1.4138,              0.0014195,              0.0014195,              0.0014195
                     12,                0.97826,                0.73235,                 1.2844,                0.96056,                0.42678,                0.47302,                0.34556,                0.99463,                0.72908,                 1.3255,              0.0013919,              0.0013919,              0.0013919
                     13,                0.91297,                0.67544,                 1.2289,                 0.9748,                0.43362,                0.55043,                0.41982,                0.89505,                0.59796,                  1.249,              0.0013644,              0.0013644,              0.0013644
                     14,                0.93259,                0.69261,                 1.2441,                0.97004,                0.45188,                0.50105,                0.36752,                 0.9578,                0.65565,                 1.2824,              0.0013369,              0.0013369,              0.0013369
                     15,                0.89558,                0.66163,                 1.2177,                0.97495,                 0.4477,                0.48978,                0.36759,                0.91135,                0.61196,                 1.2576,              0.0013094,              0.0013094,              0.0013094
                     16,                0.88766,                0.63872,                 1.2094,                  0.977,                0.43387,                0.72628,                 0.5244,                0.99005,                0.60556,                 1.3396,              0.0012819,              0.0012819,              0.0012819
                     17,                0.87759,                0.64393,                 1.2017,                0.98044,                0.46251,                 0.5003,                0.37662,                0.87982,                0.57419,                 1.2219,              0.0012544,              0.0012544,              0.0012544
                     18,                0.87693,                0.61919,                 1.2061,                0.99058,                0.43587,                0.73142,                0.54271,                0.85018,                0.54948,                 1.2012,              0.0012269,              0.0012269,              0.0012269
                     19,                0.89033,                0.60399,                 1.2108,                0.97009,                0.44979,                0.48316,                0.35728,                0.94111,                0.59844,                 1.2729,              0.0011994,              0.0011994,              0.0011994
                     20,                0.86816,                0.62578,                  1.199,                0.95765,                0.43515,                0.46444,                0.35529,                0.91496,                0.70031,                 1.2754,              0.0011719,              0.0011719,              0.0011719
                     21,                0.85467,                 0.5964,                 1.1931,                0.97801,                0.45486,                0.53792,                0.39046,                0.94574,                0.55169,                 1.2357,              0.0011444,              0.0011444,              0.0011444
                     22,                0.81165,                 0.5723,                 1.1639,                0.99535,                0.44534,                0.97626,                0.72284,                0.83103,                0.52487,                   1.18,              0.0011169,              0.0011169,              0.0011169
                     23,                 0.8077,                0.56086,                 1.1585,                 0.9827,                 0.4477,                0.54881,                0.41415,                0.89115,                0.56731,                 1.2353,              0.0010894,              0.0010894,              0.0010894
                     24,                0.81624,                0.55716,                  1.168,                0.98033,                0.45973,                0.49494,                0.37878,                0.86064,                0.52412,                  1.196,              0.0010619,              0.0010619,              0.0010619
                     25,                0.80964,                0.56522,                  1.167,                0.98626,                0.45607,                0.98032,                 0.8202,                0.86193,                 0.5307,                 1.1982,              0.0010344,              0.0010344,              0.0010344
                     26,                0.79345,                0.55168,                 1.1586,                0.97707,                 0.4353,                0.52166,                0.40838,                0.86674,                0.55785,                 1.2334,              0.0010069,              0.0010069,              0.0010069
                     27,                0.83416,                0.56231,                 1.1748,                0.97004,                0.45946,                0.72896,                0.58013,                0.79693,                0.51695,                 1.1381,             0.00097936,             0.00097936,             0.00097936
                     28,                 0.7838,                0.53598,                 1.1482,                 0.9816,                 0.4381,                0.72926,                0.54702,                0.87056,                0.52929,                 1.1842,             0.00095186,             0.00095186,             0.00095186
                     29,                0.77242,                0.51599,                 1.1461,                0.97762,                0.45188,                 0.9769,                0.78178,                0.80692,                0.49988,                 1.1498,             0.00092435,             0.00092435,             0.00092435
                     30,                0.76505,                0.52723,                 1.1416,                0.97528,                0.44244,                 0.9655,                0.77181,                0.83824,                 0.5769,                 1.1809,             0.00089685,             0.00089685,             0.00089685
                     31,                0.75126,                0.51597,                 1.1265,                0.97898,                0.44142,                0.72703,                0.57823,                0.79614,                0.53166,                 1.1485,             0.00086934,             0.00086934,             0.00086934
                     32,                0.71931,                  0.493,                 1.1193,                0.97122,                0.44525,                0.57248,                 0.4382,                0.83845,                0.52365,                 1.1773,             0.00084184,             0.00084184,             0.00084184
                     33,                0.72337,                0.48061,                  1.108,                0.97562,                0.44887,                0.54382,                0.42198,                0.82309,                0.50625,                 1.1834,             0.00081433,             0.00081433,             0.00081433
                     34,                0.72318,                0.48491,                 1.1113,                0.97259,                0.44979,                0.72479,                0.55452,                0.79533,                0.48875,                 1.1381,             0.00078682,             0.00078682,             0.00078682
                     35,                0.71773,                 0.4956,                 1.1166,                0.88088,                0.47494,                 0.9805,                0.78455,                0.76809,                0.46137,                 1.1391,             0.00075932,             0.00075932,             0.00075932
                     36,                0.72567,                 0.4778,                 1.1178,                0.91579,                0.46486,                 0.9834,                0.78293,                0.78456,                0.46618,                 1.1393,             0.00073181,             0.00073181,             0.00073181
                     37,                0.72395,                0.47705,                 1.1123,                0.90712,                0.46025,                0.96918,                0.67188,                0.80999,                0.52267,                 1.1489,             0.00070431,             0.00070431,             0.00070431
                     38,                0.69317,                 0.4645,                 1.1032,                0.92456,                0.47071,                0.98255,                0.68567,                0.78805,                0.44907,                 1.1241,              0.0006768,              0.0006768,              0.0006768
                     39,                0.69471,                0.46487,                 1.0947,                0.97297,                0.43096,                0.95542,                 0.8108,                0.83488,                0.56256,                 1.1877,              0.0006493,              0.0006493,              0.0006493
                     40,                0.70827,                0.47434,                 1.0999,                0.97843,                0.44561,                0.55989,                0.45708,                0.78919,                0.49518,                 1.1395,             0.00062179,             0.00062179,             0.00062179
                     41,                0.66686,                0.44572,                 1.0884,                0.98325,                0.44979,                0.58052,                 0.4562,                0.78406,                 0.4926,                 1.1238,             0.00059429,             0.00059429,             0.00059429
                     42,                0.66577,                0.43485,                 1.0895,                0.90477,                0.47071,                0.97558,                0.73004,                 0.8077,                0.49455,                 1.1493,             0.00056678,             0.00056678,             0.00056678
                     43,                 0.6667,                0.44292,                 1.0782,                0.91119,                0.47908,                0.98189,                0.84261,                 0.7838,                0.43961,                 1.1214,             0.00053927,             0.00053927,             0.00053927
                     44,                0.64781,                0.42306,                  1.077,                0.98248,                0.46084,                0.73309,                 0.5927,                0.74216,                0.45776,                 1.0901,             0.00051177,             0.00051177,             0.00051177
                     45,                0.63538,                0.42276,                 1.0667,                0.94661,                0.46444,                0.97158,                0.83412,                0.76975,                0.50258,                 1.1085,             0.00048426,             0.00048426,             0.00048426
                     46,                0.64204,                0.43232,                 1.0677,                0.43444,                0.47908,                0.60789,                0.49053,                 0.7557,                0.46001,                 1.1012,             0.00045676,             0.00045676,             0.00045676
                     47,                0.63393,                 0.4202,                 1.0626,                0.77332,                0.97908,                0.98226,                0.84228,                 0.7299,                0.42874,                 1.0751,             0.00042925,             0.00042925,             0.00042925
                     48,                0.60692,                0.40535,                 1.0457,                0.75122,                0.96862,                0.97576,                0.79218,                0.73317,                 0.4539,                 1.0888,             0.00040175,             0.00040175,             0.00040175
                     49,                0.61346,                 0.4018,                 1.0508,                0.71879,                0.96234,                0.96997,                0.83135,                 0.7606,                 0.4534,                 1.1304,             0.00037424,             0.00037424,             0.00037424
                     50,                0.59459,                0.38758,                 1.0547,                0.94665,                0.46653,                0.97987,                0.84448,                 0.7415,                0.44187,                  1.099,             0.00034674,             0.00034674,             0.00034674
                     51,                0.52132,                0.33236,                 1.0086,                0.72282,                0.96777,                0.98062,                0.83911,                0.76878,                0.42741,                 1.1373,             0.00031923,             0.00031923,             0.00031923
                     52,                0.51093,                0.30765,                0.99745,                0.79634,                 0.9728,                0.98179,                0.84758,                0.72995,                0.41413,                 1.0966,             0.00029172,             0.00029172,             0.00029172
                     53,                0.49709,                0.29899,                0.99901,                0.67798,                0.96025,                0.97928,                0.84248,                0.73225,                0.45337,                 1.0928,             0.00026422,             0.00026422,             0.00026422
                     54,                0.48028,                0.29243,                 0.9842,                 0.7311,                0.97379,                0.98173,                0.84857,                0.72125,                0.42137,                 1.0911,             0.00023671,             0.00023671,             0.00023671
                     55,                0.47633,                0.28498,                 0.9793,                0.79185,                0.95397,                  0.978,                0.84858,                0.71293,                0.44274,                 1.0754,             0.00020921,             0.00020921,             0.00020921
                     56,                0.46741,                 0.2818,                0.97597,                0.83154,                0.96234,                0.98074,                0.79681,                0.72345,                0.45928,                   1.08,              0.0001817,              0.0001817,              0.0001817
                     57,                0.44705,                0.26984,                0.95314,                0.91265,                0.96234,                0.98093,                0.85109,                0.71713,                0.43052,                 1.0807,              0.0001542,              0.0001542,              0.0001542
                     58,                0.44109,                0.27264,                 0.9629,                0.86472,                0.95816,                0.98211,                0.84784,                 0.7252,                0.43354,                 1.0983,             0.00012669,             0.00012669,             0.00012669
                     59,                0.42918,                0.26404,                0.95465,                 0.8967,                0.96234,                0.98248,                0.85212,                0.70923,                0.42314,                 1.0813,             9.9187e-05,             9.9187e-05,             9.9187e-05
                     60,                0.43032,                0.26564,                 0.9517,                0.91144,                0.95816,                0.98242,                0.90104,                0.70193,                0.41555,                 1.0792,             7.1681e-05,             7.1681e-05,             7.1681e-05
